id,name,genre,artists,album,popularity,duration_ms,explicit
1o22EcqsCANhwYdaNOSdwS,Tessellate,alt-rock,alt-J,An Awesome Wave,52,181400,False
4KENElVbH0KcipXaaqTeT8,"Russian Alt Rock (Car Wash With Papa) - ""Приключение на автомойке""",alt-rock,The Incomplete Orchestra,TIO's Kid's Jams (Car Wash EP),0,165119,False
0pCTr2E9CtulIwNprituKi,Ms,alt-rock,alt-J,An Awesome Wave,45,238746,False
6XfI75jPN59vD2uF625ayx,Under One Roof Alt Rock,alt-rock,Jack Curtis Dubowsky,Under One Roof (Original Motion Picture Soundtrack Expanded Edition),0,65336,False
6BVBkKpZK09NmifUMZqj1z,Every Other Freckle,alt-rock,alt-J,This Is All Yours,47,216004,False
48H4RqPLjLB5MR3Cc1AdWv,Cry of the Lonely (Psalm 10) - LOFI Alt Rock Mix,alt-rock,Psalms Remixed,Cry of the Lonely (Psalm 10) [LOFI Alt Rock Mix],0,195399,False
24DMpa4roYV1VkykwCSNMG,Panoramic View,alt-rock,AWOLNATION,Panoramic View,50,232733,False
3Sm5TYFgMXyXwgAcY2xweX,So Into You,alt-rock,Atlanta Rhythm Section,A Rock And Roll Alternative,56,260866,False
3i4ColsuZEvjeLz63m0jPt,U&ME,alt-rock,alt-J,The Dream,43,198840,False
6azx6iv2R1DhwovSp4xd5v,Rock Steady,alt-rock,"Alton Ellis, The Flames",Mr Soul of Jamaica,42,160266,False
4wuu0v0TsGf22iYAgIcKlb,Altered State Of Mind,alt-rock,Milmine,So Long And Thanks,39,226000,False
4XSLXwwLskeFy1k6ec4tBg,Altitude Adjustment,alt-rock,Midland,On The Rocks,31,206040,False
6N19vudcjcPwsggs3EGgkN,M.S.S,alt-rock,Red,M.S.S,33,205531,False
1AmwIgy0WYLJJ5e24aCFTm,"Ve Kamleya (From ""Rocky Aur Rani Kii Prem Kahaani"")",alt-rock,"Pritam, Arijit Singh, Shreya Ghoshal, Shadab Faridi, Altamash Faridi, Amitabh Bhattacharya","Ve Kamleya (From ""Rocky Aur Rani Kii Prem Kahaani"")",49,246988,False
5uspnRBvXxg7Y0PPfpwH6p,SAVIOR,alt-rock,Smile Empty Soul,SAVIOR,35,262425,False
1Ag58Qks3r3p4sAiUdA5xb,Rockstar,alt-rock,ALT BLK ERA,Rockstar,26,148557,False
13gDxn2tYUGS0sawL4kzWp,Philadelphia,alt-rock,alt-J,The Dream,33,218093,False
3WtldAA054sX3ZWCiFjX4O,Ghostlove (1st Movement),alt-rock,Uncle Morty and the Empty Forties,Ghostlove: An Alt-Rock Musical in 5 Parts,25,65387,False
3PsHpAptfclBD9jVWBKqb1,Bane,alt-rock,alt-J,The Dream,29,310000,False
61Adh3QebIXwos3HqbUri1,Ghostlove (2nd Movement),alt-rock,Uncle Morty and the Empty Forties,Ghostlove: An Alt-Rock Musical in 5 Parts,25,61672,False
58qlWRmqnMIKBRu0OaiTQ0,Ghostlove (3rd Movement),alt-rock,Uncle Morty and the Empty Forties,Ghostlove: An Alt-Rock Musical in 5 Parts,25,75046,False
3TY8GltNNtMpDS3YY6tJqo,"Bloodflood, Pt. II",alt-rock,alt-J,This Is All Yours,30,319497,False
4iM7P0ApqrIAzJQzL9UFiC,Ghostlogue,alt-rock,Uncle Morty and the Empty Forties,Ghostlove: An Alt-Rock Musical in 5 Parts,25,97338,False
6LFZWSRtgzCXxNbQNOV8yz,Chicago,alt-rock,alt-J,The Dream,30,235386,False
0kH190Vf9KRHfFOhZCaQxv,Ghosterture,alt-rock,Uncle Morty and the Empty Forties,Ghostlove: An Alt-Rock Musical in 5 Parts,25,43839,False
3LvZJiw3K6loTGtfuSrLCM,Losing My Mind,alt-rock,alt-J,The Dream,24,282000,False
57gf8TTzlk1BE5R4C7gfz6,Hunger of the Pine,alt-rock,alt-J,Hunger of the Pine,26,298670,False
35a7EjRYYLLyH4prB1zExl,Rock and Roll - Alternate Mix,alt-rock,Led Zeppelin,Led Zeppelin IV (Deluxe Edition),32,219680,False
2H6NbSsccvcT1j4jwAjDmf,Pusher,alt-rock,alt-J,This Is All Yours,29,209270,False
428wldKJlnRDngUc7UPS2C,Georgia Rhythm,alt-rock,Atlanta Rhythm Section,A Rock And Roll Alternative,30,292733,False
2gODWsWhiGdm5ERRKJMVFx,s.A.D,alt-rock,The Exies,s.A.D,33,238130,False
3xiJykFwZZgioOjFVuyr2M,Misfits : SOLAR,alt-rock,ALT BLK ERA,Misfits : SOLAR,29,179317,False
5QOXH3mNBeA3BEVmi4U3Cl,Alternative Rock,alt-rock,"HOYO-MiX, 王可鑫",Honkai: Star Rail - Out of Control (Original Game Soundtrack),26,78750,False
1lmMwYy7UlBFCmBWWYeIjB,Awake 24,alt-rock,Ra,Awake 24,26,243654,False
1yDraXjOPLhkBljQq6HCQ8,Walk a Mile,alt-rock,alt-J,The Dream,25,389933,False
2e4vEkdm8h8mNnGHSBfTMT,Ve Kamleya,alt-rock,"Pritam, Arijit Singh, Shreya Ghoshal, Shadab Faridi, Altamash Faridi, Amitabh Bhattacharya",Rocky Aur Rani Kii Prem Kahaani (Original Motion Picture Soundtrack),50,246988,False
035SyYaZBffdxtuHRPE5SD,"Keep The Change, You Filthy Animal",alt-rock,All Time Low,Nothing Personal (Deluxe Version),31,200133,False
4oNm4AlbUo8XEDayfLxoup,Rocker,alt-rock,Alter Ego,Transphormer,28,288053,False
0T5BNAzHqpSpJPbNeRYp7e,Alternate Reality 3035,alt-rock,tiedye ky,Basspunk Loverboy (Remastered),19,207483,False
5b0KMebx2ZOPv91U42xOSv,Rock Around With Ollie Vee - Alternate Version,alt-rock,Buddy Holly,That'll Be The Day,31,138066,False
0Sbvy1JbpkhtTvVvpvRoEs,Face in the Wind,alt-rock,311,Mosaic,23,220933,False
1krpd6EfCr6laRrmH7qBP2,Rock Around the Clock (Alternate Take),alt-rock,Bill Haley & His Comets,Presenting Bill Haley & His Comets,30,131080,False
3scsKPy4dLwvWjF8MgIXPQ,I'm Still in Love With You,alt-rock,Alton Ellis,Sings Rock and Soul,21,201493,False
45xAgFEdLmkkX95ZZeIVnW,打雀英雄傳,cantopop,Sam Hui,半斤八兩,29,188080,False
1xRMtDxiU8xxAlaDscHIoT,濤,cantopop,Keung To,濤,59,232489,False
7c3qSLvyqFkHtKQLgkGxFU,Cantopop,cantopop,China Syndrome,China Syndrome,0,181400,False
0JJAS4x66kFZZbxgAB5lkQ,Can't Hop A Train,cantopop,Matt Mason,Can't Hop A Train,36,201136,False
63huDpEdqQBN43UgxhoIcX,酷愛,cantopop,Hins Cheung,酷愛,45,234360,False
5oDjO1sHNgWQ4lFoW1tl2v,Caporales San Simón,cantopop,Canto Popular,Por Siempre...,22,241345,False
47MN8iVKji2TUL2DOnXpgJ,女神,cantopop,Joyce Cheng,JOYCE,41,256000,False
6ySxbcCY8ifqY7i7fYA7af,Canto Pa' Desahogarme,cantopop,Lenin Ramírez,Reinicio,28,179008,False
75BdRLNhfCePdvaazgI28a,今宵多珍重,cantopop,Danny Chan,陳百強粉紅色的一生精選,32,230998,False
1sPMVZQJt3Gw9NKj6jCboa,Canto Para Ti,cantopop,Banda Los Recoditos,Canto Para Ti,28,159451,False
4GbTgGizUjRxDIRJKe3r7a,垃圾,cantopop,Candy Lo,"喜歡戀愛""粵語精選""",37,228493,False
2SO5oVHP6RBV5sZbM3n8iL,Canto pal que está despierto,cantopop,Muerdo,Viento Sur,37,257881,False
21Y7Om8LTUS5dNKqKYeywc,念,cantopop,Panther Chan,念,46,288295,False
3FlOPbHJY4LwrrO6Y77fln,Candypop,cantopop,G Sounds,Rj Pasin Samples 6,1,83603,False
0LuBQym8RGIcybVJE5F5iE,Tomorrow,cantopop,AGA,Tomorrow,30,250416,False
1qW5H7li77nVfoAoXW0rGj,薄情歌,cantopop,C AllStar,CANTOPOPSIBILITY,37,229555,False
189r6rbHTV8GwbIshCP5fJ,歡樂今宵,cantopop,Leo Ku,有你這一天,35,224333,False
36gEVMtUNQ1LbwChFHp1xz,差詞,cantopop,C AllStar,CANTOPOPSIBILITY,10,221373,False
4Fd5thbqsHwfIEz0rMkEcs,祇想一生跟你走,cantopop,Jacky Cheung,Cantopop,6,311800,False
0PNlAxz1G2WLTC8WRMxUmg,乾,cantopop,MC 張天賦,This is MC,34,219070,False
6P6H8CJOyaneRZcxDiNora,六神合體 (feat. Mastamic),cantopop,"C AllStar, MastaMic",CANTOPOPSIBILITY,6,258053,False
1S1cY016AlRL2rnOO5bolN,濛,cantopop,Juno Mak,Nothing Lasts Forever,38,209413,False
5wvO5nzDuxep7cHJPIC6Qh,每天愛你多一些,cantopop,Jacky Cheung,Best 80s Cantopop,5,278546,False
5fJ9reRZCwq1ezsi9w4CdF,Out of the blue,cantopop,Nancy Kwai,Out of the blue,38,206978,False
7mYfJ77pCVVnZd67jttSt3,可一可再,cantopop,"Eason Chan, eason and the duo band",Cantopop,2,287573,False
6MdW6YlF95hw9FWpIxTAOi,喜歡戀愛,cantopop,Candy Lo,"喜歡戀愛""粵語精選""",31,217760,False
7MB6T9tkVkXrJcxtg12dfI,天堂的花火,cantopop,Alan Tam,Cantopop,2,214312,False
4vbp1GWjMo0pwYYC2dNwun,彳亍,cantopop,Juno Mak,無念,31,242306,False
67NnnoRyLS3jIgjGoZ5dzo,漸漸,cantopop,"Eason Chan, eason and the duo band",Cantopop,2,278000,False
1PxH2IMB4PZ2H5zc5baLZL,Cantonese,cantopop,Bolis Pupul,Letter To Yu,20,292760,False
0JnxOhjiSfJVAg4l3wtQJR,獨一無二,cantopop,"AGA, Gin Lee",Cantopop,1,320256,False
4MSHP1amy1CBfapDSRmv2w,仍會等,cantopop,Joyce Cheng,Believe Us,27,199572,False
1kfykpcse8J6nTc1FFXLhe,紙牌屋,cantopop,Hacken Lee,Cantopop,2,214906,False
44JqJ3F2pXoLNF4nB7Kwnu,有人,cantopop,Juno Mak,Nothing Lasts Forever,34,197400,False
6RaGojnseLYr0IyodIlF5d,一生中最愛 - 電影《雙城故事》歌曲,cantopop,Alan Tam,Cantopop,3,261026,False
2oLgBYqahYEw2VUgcCxXiI,MIZU,cantopop,AGA,MIZU,27,200858,False
0mnLMxYzHjTy7Y0GkxkzDt,很堅強,cantopop,Gin Lee,Cantopop,3,239910,False
2Q8LsLmgwrV7BCqwGeapEG,廢青,cantopop,Alan Tam,Cantopop,1,290158,False
1HsWdmLSDdDel2Dl6ctSO2,零分,cantopop,JUDE,零分,32,254337,False
5wJTsPcM8MJPDgvRB3nFxR,侘寂,cantopop,Gin Lee,Cantopop,0,294000,False
1t5gz9j2e6uq6iTS41GA0D,尊嚴,cantopop,Jason Chan,五年新曲加精選,30,254360,False
1aWbbm9tFdxu0NCuWmp1Sh,奉愛之名,cantopop,Kary Ng,Cantopop,1,247247,False
22DT55qhBCDKnPRPoZcX7n,CityPop,cantopop,AGA,CityPop,25,227248,False
4BP6WFJoE7Sv5NyBMKljkq,天下無敵 - Inspired By Movie 《賭神》,cantopop,Lowell Lo,Cantopop,0,243575,False
4QM774WtzXy2KZeed1xe03,Never mind,cantopop,Nancy Kwai,Never mind,36,251385,False
3dokLN192DpyRv9uYUrLwS,可惜我是水瓶座,cantopop,Miriam Yeung,Cantopop,2,213213,False
2qvAqZKOMBvqWa4AbQen8q,When You're Asleep,cantopop,Jude,Cantopop Hits,0,224954,False
0aLdc9xKWEYVoX73qkx6o3,Chicago House music,chicago-house,DJ Sneak,Chicago House,18,378853,False
5JYbPUFjUn0i8BQy1C5JTs,Percolator - Original Mix,chicago-house,Cajmere,Percolator (Original Mix),35,253718,False
4h4AEqy0iBbjdlbtWvIx5O,Get Get Down,chicago-house,Paul Johnson,Get Get Down,53,367786,False
4YzzjPucCiVQ6OcakYFgZq,Chicago House,chicago-house,Pure Dance Mix,Basement Beats,0,148610,False
7nQaBI1NTv5kpPyeMruTTK,No Way Back,chicago-house,Adonis,No Way Back,29,295911,False
09IT6ZbPsY5EioVEqeyq4j,Brighter Days - Dajae- Underground Mix '93,chicago-house,"Cajmere, Dajae",It's Time,43,327138,False
7zpE1rYahyF6KiXUjm1YR2,Power Flexible,chicago-house,Chicago House Selection,Organic Passion,0,167680,False
3cAAo9zLKzYiVbNvOC6Uh0,House Nation,chicago-house,"The Housemaster Boyz, The Rude Boy of House",House Nation,24,492186,False
1i8PZ9B37SwJ7h3IkZNEK0,Dancefloor Upbeat,chicago-house,Chicago House Selection,Organic Passion,0,175281,False
5qfjyXMa3NEjGxYHV3h7m8,Follow Me (Club Mix),chicago-house,Aly-Us,Follow Me,27,396586,False
5kfrjV4rWbUcI1T7bres4s,Chicago Sunrise,chicago-house,Sven Tasnadi,Chicago Sunrise,26,496051,False
2XMOxHSyrLktEqo8N5wBES,Basement Synth,chicago-house,Chicago House Selection,Organic Passion,0,186697,False
1Ryu9X9AOVvouMn2IL0jJd,In Chicago - Extended Mix,chicago-house,John Summit,In Chicago,23,339067,False
4HnnqBqSFdlm4MlOqxo7yi,Organic Captivating,chicago-house,Chicago House Selection,Organic Passion,0,220995,False
3TOXCM47jxS22kqCJrQvB2,Housenation,chicago-house,The Housemaster Boyz,Housenation,16,490316,False
74oBQ9l3m1Q32dAtQ4zrlb,I Discover,chicago-house,"Felix Da Housecat, Chris Trucher",I Discover,33,155750,False
2CgkfPOXUiybH6h4Rjxz8B,Disco Captivating,chicago-house,Chicago House Selection,Organic Passion,0,205766,False
7dOTL49CqAf6Vh0wg9dlFU,Close - Radio Edit,chicago-house,Chez Damier,Close,23,234760,False
1ODnVHe7JQ3VckSxuDWRh8,Studio Light,chicago-house,Chicago House Selection,Organic Passion,0,163866,False
0V4fEuvn0gtQaPauR7rWvc,Chicago Memory,chicago-house,Mangabey,Chicago Memory EP,17,360069,False
2hllrCtTk03JaMGWZkCU2x,IM FROM CHICAGO,chicago-house,DJPJMADEDISTRACK,IM FROM CHICAGO,13,249325,False
7cu5ogoKn8Eb03QkhCzN7L,Adventure Distorted,chicago-house,Chicago House Selection,Organic Passion,0,148610,False
09dxbPNAqyI9LuLHWQ1ynK,So Glad,chicago-house,Fingers Inc.,Another Side,17,378933,False
4ZrsvBpL8rf6NUmi2bUiI8,Electronica Historic,chicago-house,Chicago House Selection,Organic Passion,0,156212,False
3OrcEhLzxv1YX597jGjEI7,Move Your Body,chicago-house,"Marshall Jefferson, Solardo",Move Your Body,61,196109,False
499H3An7EsRyqUcOGTxzku,Get Get Down - Original Mix,chicago-house,Paul Johnson,The Groove I Have LP,33,551999,False
07N4P7V6mWPL9Mzh3LngTq,Funky Adventure,chicago-house,Chicago House Selection,Organic Passion,0,137195,False
4dKi8v4oeEpGDz18UXF2E5,The House Music Anthem (Move Your Body),chicago-house,Marshall Jefferson,The House Music Anthem,26,468575,False
1I6HkdpWHWhKLw3pkvzDs6,This Is Chicago House!,chicago-house,"Vince Lawrence, Chuck Roberts",This Is Chicago House,2,196563,False
1vaa6iGoQXvl4ehfY7HTmH,Garage Fusion,chicago-house,Chicago House Selection,Organic Passion,0,148610,False
3iP3Dh5eQd682vvS1e2nYx,Home Town Chicago Outro,chicago-house,Boo Williams,The Best of Boo Williams,19,89686,False
4dHaDWK76Pas6huFoMHsnh,Afterparty Connection,chicago-house,Chicago House Selection,Organic Passion,0,167680,False
2OI2hCbcHZ4ria2r8rKu8F,GUFM,chicago-house,Mangabey,Chicago Memory EP,16,275256,False
54ElD23o5S9WrNrvyno6nb,Earth iconic,chicago-house,Chicago House Selection,Organic Passion,0,171467,False
6bWTxJ1LhmDDhmF1f3TOPS,Tech Captivating,chicago-house,Chicago House Selection,Organic Passion,0,160052,False
1qZFptHFt1Lp8tZB3rQOAU,Sensory Vinyl,chicago-house,Chicago House Selection,Organic Passion,0,156238,False
00ZIuxq31ugr2wODVKhVgf,House Music Is Chicago - Deep House Remix,chicago-house,Rob Wegner,House Music Is Chicago (Deep House Remix),2,335409,False
7g6YQndW1x5aYVXXQTpg2P,COre Summer,chicago-house,Chicago House Selection,Organic Passion,0,148610,False
6ESRaxcp7REupnmyNYnJw0,Chicago House Scene - Freaky Mix Silk Extended Edit,chicago-house,"Fast Eddie, Steve ""Silk"" Hurley","The Chicago LP, Volume 3 of 4",3,290145,False
4GiBRsGIv444s6n3mQfv3v,Disco Haze,chicago-house,Chicago House Selection,Organic Passion,0,186697,False
3fEft7Ezhzt2ESDNqs6u1A,Night Train,chicago-house,Alinka,Night Train,13,402080,False
014YDcEHDC91V4ZgklkMJ1,Tech Basement,chicago-house,Chicago House Selection,Organic Passion,0,171467,False
0e7Cem09Vtt7iUwpsgCd7w,Time To Jack - House Mix,chicago-house,Chip E.,Time To Jack,18,473786,False
5pf1Yp109dF4khuaw15a6k,Cloudburst Haze,chicago-house,Chicago House Selection,Organic Passion,0,163866,False
1Fqf2oq5pJ71D41bMufjp6,Detroit Techno City,detroit-techno,"Brian Kage, RBJ",Timeless Times,1,246241,False
2omULd5MOSDMbLQvTx5Ru5,Detroit Technobass,detroit-techno,Detroit In Effect,Detroit Party Train,15,277315,False
5LA7nrS9TZGCUJ71ctNqma,Nothing Stops Detroit,detroit-techno,Robert Hood,Mirror Man,24,393438,False
648R7nEhGZIpZ0zVHJteRF,Jaguar,detroit-techno,The Astec Mystic,Submerge Vol.1:Detroit Techno,32,399000,False
2yznCtRe17qmCJabW2hESV,Detroit & Techno,detroit-techno,MGI,Mini,5,64347,False
343ySUa7BIhKTLOFgVzzYc,Shake a Lil Faster,detroit-techno,Detroit In Effect,Work It,25,346285,False
3A4ouzzQuTN8ZLPMqliocn,I'll Be Around - Simp-House Mix,detroit-techno,"The Spinners, Paul Simpson",Techno House Anthems,7,245533,False
2ZKF8jc6zt1jb28AXZWnfW,Hi-Tech Jazz,detroit-techno,Galaxy 2 Galaxy,Galaxy 2 Galaxy: A High Tech Jazz Compilation,22,336160,False
3FufVskUS4PnYPLI2UCch5,Quetzel,detroit-techno,LOS HERMANOS,Submerge Vol.1:Detroit Techno,15,397680,False
4TeNygadmXEzWN47Y6dxZ9,Horizontal Bop,detroit-techno,Detroit's Filthiest,Smoke Suggests Fire,28,293096,False
6CkLFR9wcDaRjyhxdTydBg,Amazon,detroit-techno,Galaxy 2 Galaxy,Submerge Vol.1:Detroit Techno,13,276920,False
68tjsbzW1jr0bSJtByV4oF,Techno Drivers,detroit-techno,Erik Travis,Somewhere In Detroit Mix Series Vol.1,5,123386,False
4OZaFdwuwrjS2eLZqBFpzP,The Detroit Upright - Mixed,detroit-techno,Patrice Scott,Detroit Love Vol. 3 - Mixed by Waajeed,16,226935,False
4UG1IQ8JIXOHldjIt1R4yo,Put Your Hands Up For Detroit (Techno),detroit-techno,Mikey Sky,Put Your Hands Up For Detroit (Techno),5,168000,False
2CqkMC2kLbpuqpn0zwiYOE,Transitions,detroit-techno,Galaxy 2 Galaxy,Submerge Vol.1:Detroit Techno,10,394573,False
2HfzYTnucpAPodJgPBpSm3,Feel It,detroit-techno,Stacey Pullen,Feel It / Circus Act,13,458302,False
0uqywpeHthwmYJb8VQvDU2,No U.F.Os (inst.),detroit-techno,Model 500,Submerge Vol.1:Detroit Techno,4,418666,False
1BTkp2wVjBMXvfo7UdJFEr,The Detroit Upright,detroit-techno,Patrice Scott,The Detroit Upright,8,376585,False
1mK7y0Hql7A9kfCqWqJtoX,The Warning,detroit-techno,Suburban Knight,Submerge Vol.3-Detroit Techno 2,6,393426,False
0iunU9VjcWIziUi6CeaRzL,Fatal Attraction,detroit-techno,Detroit's Filthiest,Fatal Attraction,25,267692,False
1ef0yaOBTgHxFRahzGUnwg,Detroit Techno,detroit-techno,Piper Melody,Detroit Techno,4,225462,False
3bjx5In6MlYVbyrsJ2Lbe2,Think Twice,detroit-techno,The Detroit Experiment,Deviation Classics,24,312431,False
7qaiboc8SPGREN2a4mtlCW,Detroit Technodubb,detroit-techno,Detroit In Effect,Detroit Party Train,1,284571,False
6NpZORxlLSIYjaoz99zixj,Detroit,detroit-techno,TSG,Technoverse,0,120023,False
6vyNuKjHbFb8BWvWEryejG,Techno World - Detroits Filthiest Remix,detroit-techno,"Go Nuclear, Detroit's Filthiest",Techno World,0,194372,False
1ojLwiIMEmypJcWqvcxEJo,Falling Up - Carl Craig Remix,detroit-techno,"Theo Parrish, Carl Craig",Detroit Beatdown Remixes 1: 2,18,496560,False
46bjyAViXopL0GUFq11PMu,MahoganyBrown,detroit-techno,Moodymann,Mahogany Brown,23,333693,False
7aZFSazqRVNfNI14u7QR2q,Grand Son of Detroit Techno,detroit-techno,"Omar S, Theo Parrish",The Grand Son of Detroit Techno!,1,704893,False
0VEmCJYTCFmfbyTd8jGT8h,The Inverted Man (Dreaming),detroit-techno,The Detroit Escalator Co.,Black Buildings,14,170066,False
1aOQSrmkJUDJm690yZFRau,Move to Detroit,detroit-techno,Eddie Fowlkes,Archives Vol. 5 - Black Technosoul,0,336026,False
1MWvrMbQWjSLwbB76SNXDL,Innovators (Detroit Techno),detroit-techno,Inner City,Fire,1,181533,False
5mlEM1CY9mvmcuhWtNfC2z,Detroit Gospel,detroit-techno,Ataxia,Out Of Step,2,379786,False
6xvHGkza4iFYF57cBdENCT,B-29 Superfortress - Detroit Techno Militia Remix,detroit-techno,"Time Traveler, T. Linder, DJ Seoul",B-29 Superfortress (Detroit Techno Militia Remix),0,301750,False
1ThXpxNEy8lSXPuBiMrgOT,Speaker Box - Deeper Detroit Mix,detroit-techno,Bruce Bailey,Speaker Box,8,358093,False
1KAB2yD5ukIMbkJc6E8rhz,"White Magic, Hannah Montana",detroit-techno,"Naij, Willer Khale","I’m Not Techno, I’m Not From Detroit",0,331139,False
5yfl9W5LTAqHpcCDIn3qrp,In Yo Face,detroit-techno,Detroit In Effect,Work It,13,294857,False
1fujZMuGsRl9VHM6qUXFwk,Lilith,detroit-techno,Naij,"I’m Not Techno, I’m Not From Detroit",1,334177,False
2NW7dnUQGSVRF1PIcuFjX7,Razi,detroit-techno,Jay Daniel,TALA,19,85200,False
6e0B7ITqkaCCJW1ptBfywC,Jupiter Jazz,detroit-techno,Galaxy 2 Galaxy,Submerge Vol.1:Detroit Techno,5,271733,False
6mctOhe6wX8INHBf9fztRG,Station,detroit-techno,Model 500,Detroit: Become Human (Original Soundtrack),11,205298,False
1MUHxvfnVhozB5RPjQVBfr,Time Space Transmat,detroit-techno,Model 500,Submerge Vol.1:Detroit Techno,2,370906,False
5ZRwdo1UUMOKh3wXEJJxRL,Paradise Architects,detroit-techno,Theo Parrish,First Floor,16,362533,False
6zmRgTPqVao2zObsbE1eZu,We Make Beats,detroit-techno,Aux 88,Submerge Vol.1:Detroit Techno,2,236946,False
5TRFywcS0o6pw7ULm6gXhV,Consumed,detroit-techno,"Plastikman, Richie Hawtin",Consumed,24,700151,False
1oJG0L98Oghnf8zxQgQBWP,Down,detroit-techno,Aaron Carl,Submerge Vol.1:Detroit Techno,2,229013,False
67lUp5rf0rzq8PhAZ805Lc,In My Mind,drum-and-bass,Liquid Stranger,In My Mind,36,286779,False
12jJcTyQzhdllJpXdyVyzn,Drum and Bass,drum-and-bass,LimeR4v3n,Drum and Bass,10,120754,False
1gPJ3F2p8rwhlzr1AF58W7,Sientelo,drum-and-bass,"Mefjus, Camo & Krooked",Sientelo,52,290742,False
6W516uTraOxsBvUZWkRDUA,Drum and Bass and Waltz,drum-and-bass,Aloboi,Drum and Bass and Waltz,17,127786,False
1cTcwVLhaNBH84EUwegZOd,A Made Up Sound,drum-and-bass,Source Direct,A Made Up Sound / The Cult,29,384893,False
7xGjaItHx0NquVyz69gur5,Drum And Bass And Waltz,drum-and-bass,Aloboi,Self Made Man,8,127786,False
5FgOOjqhGLiwsmN67ppx6B,Solstice,drum-and-bass,Drum & Lace,Solstice,22,353083,False
0Iz2tSgWxkizIZhIOQCCiJ,Drum and Bass - Sped Up,drum-and-bass,LimeR4v3n,Drum and Bass,11,95875,False
36MGfjOTOwx1udRX5dDnoJ,Oil (feat. Stevie Nicks),drum-and-bass,"Gorillaz, Stevie Nicks",Cracker Island,53,230141,False
1mQVp1ZlUra71QJDZIJfiD,Sisters,drum-and-bass,Drum & Lace,Sisters,24,323239,False
6nnkGkBMOPXAhM1QcwhDZF,The Drum and Bass of Flower Bless,drum-and-bass,Ravel Nightstar,The Drum and Bass of Flower Bless,26,244393,False
7N2DblLu8DuZ0seGYSg73v,The Future Freaks Me Out,drum-and-bass,Motion City Soundtrack,I Am The Movie,44,216666,False
68MusBIwKgmvn1HevAM2Tf,Bass 'n' drums,drum-and-bass,John Paul Jones,Zooma,25,152266,False
6CHTsSL1y2Ch4MzeCOWmlc,Drum and Bass Project 1,drum-and-bass,Simon Vinyl Junkie,Energetic Essentials 009,0,274009,False
4lE3rkBD6Ey1SQSd19XfY7,World A Reggae Music,drum-and-bass,Anthony B,Black Star,52,224840,False
1l0UpKKk4JoNSgiAU3jXUU,Terminator,drum-and-bass,"Goldie, Rufige Kru",Fabio & Grooverider: 25 Years of Drum & Bass,28,254090,False
2l6eTT7bWDIQMAYxw0HstL,Loonboon - Drum and Bass Remix,drum-and-bass,R3dh3ad,Loonboon (Drum and Bass Remix),22,229381,False
6WwzdsP1Y1bb4NYXpgn5CD,TMO (Turn Me On) [feat. Kevin Lyttle],drum-and-bass,"Luude, Bru-C, Kevin Lyttle",TMO (Turn Me On) [feat. Kevin Lyttle],57,159161,False
6VYoZzW3C89aXkfADESAKK,I Need You,drum-and-bass,Delta Heavy,I Need You,23,261379,False
4JMFj5Xr60QyTg9mUa6oyR,HOME - Resonance but it's drum and bass,drum-and-bass,MIZA,HOME - Resonance but it's drum and bass,19,320481,False
1tMSSnH47S3CTDomxJxNF7,Camouflage,drum-and-bass,Seba,Producer 06,25,518600,False
5DdPxsnaQhTHMYdPt6vJx1,Badu (Deep Drum and bass Laid back cool jazz),drum-and-bass,Lugo,Hip Hop Instrumentals Vol. 10,31,194160,False
1fKWgIKN8EYzs9zJFSOAY4,BLIND : FAITH,drum-and-bass,Cyfë II,BLIND : FAITH,41,171258,False
3ODbYokaxz6ijbXKSdQVcw,Call & Response,drum-and-bass,Source Direct,Exorcise The Demons,24,430160,False
2cdoHMLuDMj8sS1BvNSIGe,Waking Dreams - Drum and Bass VIP Mix,drum-and-bass,"TwoThirds, Laura Brehm",Waking Dreams,19,311328,False
2RiDOCxcDkPCX7cko2YvBY,Lottery,drum-and-bass,Fulton Lee,Lottery,42,127933,False
5H2kfeMoJQIlSQSTHjJ5f4,Nebula,drum-and-bass,"Camo & Krooked, Mefjus",Nebula,33,250971,False
7CjIXTlnPMbCZp60AVACKP,Strength - Drum and Bass Instrumental,drum-and-bass,White label,Drum and Bass (Instrumentals),19,87327,False
0VES0jpNQEdRpD31gYDIMe,LAW (Prod. Czaer),drum-and-bass,"YOON MIRAE, BIBI",Street Man Fighter Original Vol.3 (Mission by Rank),51,189373,False
1BJHrjIgMKHDQ2M54GZbHh,Straight from the Underground,drum-and-bass,Drumsound & Bassline Smith,Booyaka EP,34,256551,False
0HJoQYdQoTqHP1Z4jgedv5,jschlatt sings aria math but it's drum and bass,drum-and-bass,NickOTC,jschlatt sings aria math but it's drum and bass,12,123035,False
0OJR6N4rHm6Sqww0jNMcV7,Here to Stay,drum-and-bass,"General Fiyah, Three Houses Down",Here to Stay,43,257114,False
5vUjwRlMKPph63WExsOzRz,Approach and Identify,drum-and-bass,Source Direct,Approach & Identify,18,390420,False
08T96JdOuYOQXZSQgkFfGa,People Of Peace - Drum and Bass Instrumental,drum-and-bass,White label,Drum and Bass (Instrumentals),21,66873,False
3TT1PcPHw2tE0rBT9YS9eI,Gravity,drum-and-bass,Delta Heavy,Gravity,18,248965,False
702NaDKr7629ndJs8sFY2H,Drum and bass,drum-and-bass,Callumonthebeat,Drum and bass,0,98706,False
5zzbORcD0GwLY0wQHP1Xs1,Arcoíris,drum-and-bass,"J Balvin, Mr Eazi",Colores,46,186693,False
6xQ4XPZzFVCT25GTV1siBt,Eja - Drum And Bass Remix Instrumental,drum-and-bass,"Misumena, Sharon",Eja,3,254500,False
7fyxKhTVQCtinPow0IsnnY,Eja - Drum And Bass Remix,drum-and-bass,"Misumena, Sharon",Eja,0,254500,False
7nFYnsLIX8EhyFJcPgdIDX,French Exit,french,Dua Lipa,Radical Optimism,66,201286,False
6yGVHmS3665TnIpbt4WAgP,French Escapades,french,Conjure kid,French Escapades,49,141690,False
48mALuU7mFsXxcSH1uwAll,FRENCH DREAM,french,"CloZee, LSDREAM",LSZEE,46,248000,False
2VoR2VeOZBXEAm85c0VQPV,"French Suite No. 5 in G Major, BWV 816: II. Courante",french,"Johann Sebastian Bach, Angela Hewitt",Bach & Friends,19,97173,False
1J0ZWnAi2kwVUM5IWPAATE,French Class,french,halfnoise,French Class,23,207586,False
1nBLEayNB8syu72YTKi0Q7,"French Suite No. 4 in E-Flat Major, BWV 815a: VI. Menuet",french,"Johann Sebastian Bach, Angela Hewitt",Bach & Friends,17,62640,False
58t3GYUDm4p1weey3OrDCC,Eyes Glazed Over,french,French Cassettes,Benzene,27,178857,False
2NUsBrtVjfFs3lzJWeJdlS,Space,french,French Fuse,Space,47,184615,False
1rKSWYA35lcpVKRnLa2s6b,"French Overture (Partita), BWV 831: III. Gavotte I",french,"Johann Sebastian Bach, Angela Hewitt",Bach & Friends,17,83253,False
1QUl57cQXPZkPvO89T88f2,Normal Day,french,French Cassettes,Benzene,24,209854,False
4ZkZvMAegnax4RFTqObZjp,"French Suite No. 2 in C Minor, BWV 813: II. Courante",french,"Johann Sebastian Bach, Angela Hewitt",Bach & Friends,17,120466,False
3NyebVODQY3G2hznTRTmvq,Romantica,french,French 79,TEENAGERS,35,217768,False
7LmFc6gXyyJ9fogfWQiuOH,French National Anthem,french,Marseillaise,French National Anthem,22,73982,False
5DNsw7GHAPBKN8O8tBXB1f,"French Suite No. 4 in E-Flat Major, BWV 815a: VII. Air",french,"Johann Sebastian Bach, Angela Hewitt",Bach & Friends,16,104826,False
4KR9DWSqBSImU9tbhuDH7l,French Vol.1 03,french,French Café Jazz,"French Cafe Jazz, Je t'aime Paris",18,190000,False
65uoaqX5qcjXZRheAj1qQT,Dernière danse,french,Indila,Mini World,72,213493,False
1wZbeGXzoOxv4oHU1aiyWJ,"French Overture (Partita), BWV 831: IVa. Gavotte II",french,"Johann Sebastian Bach, Angela Hewitt",Bach & Friends,16,85226,False
7q6noZxTTqDnvjwjBvC7SN,Up2You,french,French Cassettes,Benzene,21,194976,False
7Mb0qE443GpOcgkmgS4lP1,French Navy,french,Camera Obscura,My Maudlin Career,40,198893,False
0QDkwJy7XzqptDvWnXa9ub,"French Suite No. 6 in E Major, BWV 817: VII. Menuet",french,"Johann Sebastian Bach, Angela Hewitt",Bach & Friends,16,88493,False
4ZNpdroEGIgnr3O7IvlUsB,DDROPP,french,French 79,Olympic,32,330693,False
7qISROn6n7nSnzuW6QUKf9,"French Overture (Partita), BWV 831: V. Passepied I",french,"Johann Sebastian Bach, Angela Hewitt",Bach & Friends,15,69933,False
0dW4ugBEAeoAINC72jZ7q5,Baseball Bat,french,French Cassettes,Baseball Bat,23,225625,False
3ojw0cinPzlXTm4XFSLEHS,French,french,"Verzache, sophie meiers",French,29,132923,False
7a2wL9caPBno1QazC8v5dE,"French Suite No. 4 in E-Flat Major, BWV 815a: I. Praeludium",french,"Johann Sebastian Bach, Angela Hewitt",Bach & Friends,14,83373,False
2so6WzyodEY32OPAgsx1YD,Cinema,french,"French Braids, Tailor",Cinema,24,211323,False
1MqV4bv07MivBXe9GFZv4E,french,french,They Are Gutting a Body of Water,Destiny XL,23,163813,False
1PjZOIip3GW8z2Y9bt3ITB,"French Suite No. 5 in G Major, BWV 816: V. Bourrée",french,"Johann Sebastian Bach, Angela Hewitt",Bach & Friends,13,77826,False
5e1kNatja9w74M4PU8Ki6d,Invisible Moon,french,French 79,Olympic,31,143320,False
0siE4LyakBQXuRMPYUe3Lu,"French Suite No. 6 in E Major, BWV 817: IV. Gavotte",french,"Johann Sebastian Bach, Angela Hewitt",Bach & Friends,12,73400,False
4QXC3rRP3OyQRLHXgnAuSU,French Vol.1 04,french,French Café Jazz,"French Cafe Jazz, Je t'aime Paris",15,171000,False
3VWOsWhTpyMvTxbJY8LuZm,"French Suite No. 3 in B Minor, BWV 814: IV. Anglaise",french,"Johann Sebastian Bach, Angela Hewitt",Bach & Friends,12,89306,False
6w1gf3iSNiszHXBXrgFF00,French Vol.1 01,french,French Café Jazz,"French Cafe Jazz, Je t'aime Paris",16,155000,False
6w0A03KJeoQI7JYaidyRPd,"French Suite No. 5 in G Major, BWV 816: IV. Gavotte",french,"Johann Sebastian Bach, Angela Hewitt",Bach & Friends,11,73066,False
38r2zy2QVv2CeeZxfb75FT,French Vol.1 07,french,French Café Jazz,"French Cafe Jazz, Je t'aime Paris",15,176000,False
6B4upp3Q9t8uSKTrEKEI7a,"French Suite No. 2 in C Minor, BWV 813: IV. Air",french,"Johann Sebastian Bach, Angela Hewitt",Bach & Friends,11,79560,False
17IJTZ0nEZAEDgoK4oFrSb,Les feuilles mortes,french,French Fuse,Les feuilles mortes,34,200045,False
1xm6x072dwF70M1DJNFoUt,"French Suite No. 4 in E-Flat Major, BWV 815a: III. Courante",french,"Johann Sebastian Bach, Angela Hewitt",Bach & Friends,11,111426,False
5leH1cR5UPBWT3MFmOXyGl,Vertigo Valley,french,French 79,Olympic,27,290413,False
5LoVUJ4Br8V4ZGuxbWLaCk,FRENCH,french,"NIGHT MESS, d3bAU4",FRENCH,11,186461,False
2Kkmqz1z0bVWGMfLSlQwBK,Iran National Anthem (Soroud-E-Rasmi-E-Jomhuri-Eslami-Iran),iranian,Hasan Riahi,Peyk-e-Soroush (Iran 1979 Islamic Revolution Memorial Songs),7,64493,False
09N8zFVLg53xOiqzBXMTU6,Tehran Tokyo,iranian,Sasy,Tehran Tokyo,36,203102,False
61iGaINkvT4L6zqmmyPFxC,Iran Iran World Cup 2014,iranian,Arash,SUPERMAN,19,194853,False
2Q4Fr8uTfvF2hSaMGgH5i1,Iranian Bazaar,iranian,DJ.Stress (M.C.P),Melodic House,0,482000,False
6mfDCcWgH8NFkMa6m4v6ZU,Daram Miram Beh Tehran,iranian,Andy,City Of Angels,31,241226,False
38CmAMMRjUS01FNy1rCjll,Iranian,iranian,Moody Molavi,Remove Before Flight,5,282228,False
1qyAlCzezPlmBJ1VAtcs2b,Blow Up The Embassy,iranian,Fearless Iranians From Hell,Fearless Iranians From Hell,14,132106,False
5q33G7LXjhQrjyvKN6ZLmo,"Young, Fast, Iranians",iranian,F.U.s,Do We Really Want To Hurt You?,13,246653,False
3k831vOQiHhl9fdfuNxdUe,To Age Ba Man bashi - Persian Music,iranian,Aref,Greatest Hits 2013 (Persian music),26,296855,False
3CT78aXRHbrbffSh5VVQyp,Iranian Ride,iranian,Matthias Ruckdaeschel,Middle East & North Africa & India,13,121960,False
6sR2KrV8dTEnBGkEyWOPiI,Iran,iranian,"Shahin Najafi, Golrokh Aminian",Iran,22,222030,False
2NFaqSPtrm5HKNKFmOitxP,Iranian Klan,iranian,Fearless Iranians From Hell,Fearless Iranians From Hell,5,110853,False
7g4QP1cY8CWaknlzczxYNt,Aroom Arooom,iranian,Arian Band,Till Eternity,21,200647,False
4ea5wQShu8HiodjwrCGG7W,Mano Bebakhsh,iranian,Naser Abdollahi,Mandegar (Lasting) - Iranian Pop Music,17,228000,False
12QmNidlecns4yI5ThauFP,Irani Asl,iranian,Macan Band,Irani Asl,11,169482,False
2tVuDLg3OMDf4WPTVHi7dP,Cleared Iranian Airspace,iranian,Alexandre Desplat,Argo (Original Motion Picture Soundtrack),11,361675,False
1Zurpl6mu33INswKameWt2,Gole Goldoone Man,iranian,Mohsen Karbassi,Persian Melancholia 2: Iranian Solo Piano,25,207235,False
4tVLdZ95dR6DulxRpE92NP,Khab - Persian Music,iranian,Aref,Greatest Hits 2013 (Persian music),21,261485,False
0fsx1PXflK5nbWTvrWMLvd,Sayyad,iranian,"Alireza Eftekhari, Akbar Mohseni",Sayyad(Hunter)-Iranian Classical Music,26,247346,False
5awAp3iNy81C99lAq2qUbu,Noosh,iranian,Sasy,Noosh,24,190354,False
2WZajf3ByPUz49oUTSyzlO,Gole Sangam,iranian,Mohsen Karbassi,Persian Melancholia 2: Iranian Solo Piano,22,100421,False
1TYaZyIESfvbjn4pABBkPz,Irane Man,iranian,Sogand,Irane Man,18,206367,False
2vWwezo4pdD0oPKZdERPnL,ouj-e-Asman,iranian,Mohammad Esfahani,Tanha Mandam(Iranian National Music),29,384133,False
4jZ1ykjQuQcQ921jhehzjP,Iranian Masturbator,iranian,Dave Brockie Experience,Diarrhea of a Madman,5,254333,False
4QTOBplVb5ZAVX5BZUQaLX,Tehran,iranian,Hessam Bahmani,Tehran,14,277172,False
7i8OOhfF5YgZzSv5tgW8h3,Raz,iranian,Naser Abdollahi,Mandegar (Lasting) - Iranian Pop Music,23,341026,False
7hvEs4rTwNLfUxHMB3Czh9,Iran-E Javan (Vatanam),iranian,"Peyman Soltani, Shahram Nazeri",Iran-E Javan (Vatanam),21,215480,False
6iiEqtxDjnOe1DnVFrPcbl,Bahare Delneshin,iranian,Mohsen Karbassi,Persian Melancholia 2: Iranian Solo Piano,21,151156,False
2TMW4r6hrShlFmNxcE7l7n,Havaye Havva,iranian,Naser Abdollahi,Havay-e Havva - Iranian Pop Music,19,276813,False
4gMAt2VKeX8YyB4ZUtjZYC,Bogzar ze Man,iranian,"Behrad Aria, Aref",Persian Memories(Piano Solo),19,174499,False
5MzbsRFc5IrGyDGyWIACSd,Fasl-e Bahar,iranian,Naser Abdollahi,Mandegar (Lasting) - Iranian Pop Music,12,399760,False
1YSxODH8udwJomUx3wb9KR,Jane Maryam,iranian,Mohsen Karbassi,Persian Melancholia: Iranian Solo Piano,24,250906,False
4Qz0ulRctsvV2Cjdrov3y8,Gol-E-Man,iranian,Arian Band,2: Va Amma Eshgh,23,254459,False
4Lb3Dj7ojMeawOnj9X8J5C,Be Man Nagoo Dooset Daram,iranian,Mohsen Karbassi,Persian Melancholia 2: Iranian Solo Piano,19,232984,False
373PVZhmHgoTSj5SNnvQYa,Iran Khanoom,iranian,Shayea,Iran Khanoom,20,84050,False
6k8qrwEfeEuRD5j5i2d7oT,Niaz,iranian,Mohsen Karbassi,Persian Melancholia 2: Iranian Solo Piano,18,284501,False
1c8J3WlXZT4UMTa7iCj881,Hadeseh,iranian,Dariush,40 Golden Hits of Dariush,20,332773,False
2h69AzPXK4UtKgBazxNSgR,Emshab Dar Sar Shoori Daram,iranian,Mohsen Karbassi,Persian Melancholia 2: Iranian Solo Piano,18,275193,False
3bD3GUKQ4kVMR9LHJo1iDo,Zaneh Irani,iranian,Vigen,Zane Irooni,20,282566,False
0Zhz2M5XyepnbqxXk1Zd4O,一笑江湖 - DJ弹鼓版,mandopop,闻人听書_,一笑江湖 (DJ版),49,230844,False
4FQx5prSBUJSi6mt9XRwbv,Survive the Night,mandopop,MandoPony,Five Songs for Freddy,52,348661,False
4mAjRT7IjwhZATGgeYCSAK,特別的愛給特別的你,mandopop,SKY WU,特別的愛給特別的你,52,299028,False
1DFPza4TmWvf0EBIw5P3YV,Just Gold,mandopop,MandoPony,Five Songs for Freddy,50,205835,False
6tMgRC6pDQOqEnKCnAL6pT,太委屈,mandopop,陶晶瑩,愛缺,48,291306,False
36L8wTsG0lmkGCr5LFyD6F,今生缘,mandopop,川子,今生缘,45,321000,False
6lu27av4a26hEtRsjtiVuh,Noticed,mandopop,MandoPony,Five Songs for Freddy,41,236899,False
2wzXhxWPX0aODraKNXoJYY,後來,mandopop,Rene Liu,我等你,53,341400,False
2Wfch6jE25C7FQTIqephCG,The Show Must Go On,mandopop,MandoPony,Five Songs for Freddy,41,235438,False
0QsuUbVfmbnpASerCOD0Fp,分享,mandopop,SKY WU,最愛是你,46,300293,False
4DVYFoSfri6CMGFNvwAQdD,Balloons,mandopop,MandoPony,Five Songs for Freddy,36,273156,False
0rUiL3L1lurq2lzcfUCSji,味道,mandopop,Winnie Hsin,味道,45,237333,False
7m6N7UERSmRy8Gy7FeKcEB,Repair,mandopop,MandoPony,Repair,35,215510,False
5hMFr5j0btsmS56acvkVwG,太傻,mandopop,巫啟賢,太儍,43,322946,False
0Syw87SMg8xplRtkNoOOKm,Purple,mandopop,MandoPony,"Songs for Gamers, Vol. 2",32,221925,False
2su4MjRcOXVjGjMsylxFXx,中国话,mandopop,S.H.E,PLAY,36,194026,False
1a2zY44xCoM5kSk0e6dwQ0,Escape from the City,mandopop,"NateWantsToBattle, MandoPony",Gotta Go Fast,29,139384,False
2v0GxO8gI4lB19sLOQstts,男人不該讓女人流淚,mandopop,William So,Nice So Nice (舊愛還是最美),40,281400,False
2XbryOVSaPXhpre0Yj4MUv,Squid Sisters (The Fresh Remix),mandopop,MandoPony,"Songs for Gamers, Vol. 1",30,195375,False
0ueEyGG4GhWLROGgM1E9iC,其實你不懂我的心,mandopop,童安格,其實你不懂我的心,39,195426,False
14Nq3B9u8AkzQxU50SmmCC,They Rise,mandopop,MandoPony,They Rise,25,207508,False
5AoKmB6j3YcYqo33AdNUaM,Sent,mandopop,9m88,Sent,29,241893,False
31dYhfJyg0UknEHq86rDT2,They Need a Monster,mandopop,MandoPony,"Songs for Gamers, Vol. 2",24,243932,False
01rUqOzttbD5suGJdTtUtz,還是會,mandopop,WeiBird,有人在等,45,235306,False
6WO7quckgpeZ0slWHOZ5Xb,Chara,mandopop,MandoPony,Chara,24,408650,False
6PqZkFSv7Iqec6nvDcHgeW,你知道我在等你嗎?,mandopop,張洪量,心愛妹妹的眼睛,38,252066,False
21esYBYo0OBgLgXZomFM2S,Serial Dreamer (feat. Mandopony),mandopop,"Silva Hound, MandoPony",Serial Dreamer (feat. Mandopony),20,367524,False
43paRSL7zR0hh5IjqssSo2,依然,mandopop,"Sandy Lam, David Ling Jr, Owen Kwok, Wong Kei Wah",我愛經典系列,28,296240,False
68yk1Pf4l548NzGsng13LT,Draw Me Closer,mandopop,MandoPony,Draw Me Closer,21,208245,False
6fRkCcB1xmemczbaS6AAk9,最愛是你,mandopop,SKY WU,最愛是你,36,244800,False
1E4Bx2LDHDeg63EecDVLuB,Ghosts,mandopop,MandoPony,Ghosts,18,197550,False
3YKF20eSMqOHcS0qIRLciU,認錯,mandopop,優客李林,昨日·今日·永遠 - 作品精選輯,40,285106,False
4tkuG0GK0wuBpO5C5lKUPY,Just Gold (Instrumental),mandopop,MandoPony,Five Songs for Freddy,18,205835,False
5EbEIEyZTKrLBpRSwQy9uV,我的地盤,mandopop,Jay Chou,七里香,31,242640,False
0XDb65nQiNzwDp8YJyW3EE,Go Back,mandopop,MandoPony,Go Back,17,263484,False
3PuIPfiLsp8UVmISbl3dMn,我很醜可是我很溫柔 - 節奏版,mandopop,Zhao Chuan,"我很醜,可是我很溫柔",37,237000,False
6eM1YXS4hbAdb5b75PKjnM,Mango Pops,mandopop,Elle Músa,Mango Pops,29,204466,False
1c434f7py7OHmi7qPxly5R,不只是朋友,mandopop,黃小琥,不只是朋友,39,304260,False
15kJcw3ZnEh6JzwMQYrJSu,候鸟,mandopop,S.H.E,安可,27,284293,False
6pnXgTwCoVf8g44E0OPJeE,Man (Opposable Thumb),mandopop,The Presidents Of The United States Of America,Pure Frosting,21,196266,False
3w4wtVmWqPDZQUEhaNom4i,等你等到我心痛,mandopop,巫啟賢,等你等到我心痛,32,281080,False
05hzd0OvXL8AG7s6dnGBoI,"不曾回來過 - 電視劇""通靈少女""插曲",mandopop,李千娜,Mandopop Essential,3,270654,False
57kAzpfBG9JaevmkeNhAKe,朝,mandopop,Mandarin,朝,21,226875,False
2ltrgHOJ7Sw75F2BMU736j,誰是老大 - 電影「奇門遁甲」主題曲,mandopop,"Wu Bai, 大鵬, 李治廷",Mandopop Essential,1,344312,False
3MByAkj7whB5uawAx6y5D0,情人,mandopop,Alex To,滾石香港黃金十年-杜德偉精選,30,218760,False
4M64NfBTIMhC3kWmcyuHmI,Is This All,mandopop,"Van Ness Wu, Ryan Tedder",Mandopop Essential,1,219173,False
29hlSWTZeYVvumzKKf4KZ9,男人哭吧不是罪,mandopop,Andy Lau,男人的愛,27,311040,False
2EgVOjWrrOtddX75q7698k,幸福的忘記《女王的誕生》插曲,mandopop,"Eric Suen, Rachel Liang",Mandopop Essential,2,246266,False
1KPse8Udqn2yBGUYHONp2D,Metal Mickey,metal-misc,The London Suede,Suede (25th Anniversary Edition),17,210924,False
6qchpsQgo84NTMNgmY73AE,Miscreation,metal-misc,Memoremains,Pop Metal,4,180583,False
38iFpJIcKu4pQRVJlWMEt3,Fade to Black,metal-misc,Miscreant,A Salute To Metallica,3,297400,False
1OPskYh1mKrexZ3wB96gcJ,War Music,metal-misc,Impending Doom,The Sin and Doom Vol. II,29,319320,False
7mxTAvKSRLqFxtqJRlouMv,Serenading the Mischievous,metal-misc,Ewan Dobson,Acoustic Metal II,0,321496,False
5D2OExgMbOJRMovf3IjFj7,Skyrim Meets Metal,metal-misc,ERock,Video Games Meet Metal,26,236042,False
0uEHLxGrQRTsWmYmEhd2NG,Chapter 1 - Anne Boleyn: The Miscarriage,metal-misc,Ex Libris,Ann (A Progressive Metal Trilogy),6,273223,False
5rrGRrNaqsPxMy5xZ8KOue,Metal - Remix,metal-misc,Nine Inch Nails,Things Falling Apart,23,426000,False
0Qad3AtogqXRgsOLrWd4Oi,"Il barbiere di Siviglia, Act I Scene 4: All'idea di quel metallo",metal-misc,"Gioachino Rossini, Alberto Erede, Orchestra del Maggio Musicale Fiorentino, Ettore Bastianini, Alvino Misciano",Rossini: Il barbiere di Siviglia,1,473000,False
7C7Vd2u1RBmloh8GOve2u3,(Le arti dei) miscugli,metal-misc,Bluvertigo,Metallo Non Metallo,5,319560,False
5Z69kchPKIWNUN7vqo1Jr6,Paradise,metal-misc,Metal Seduce,Paradise,29,232257,False
1c99nTNLketos5jSwGYijS,Mr Metal,metal-misc,Ampersand,Mug of Mischief,0,194200,False
5IcdPRGWtihqOQfLiJTEYT,Synthwave Metal,metal-misc,Slatz,Synthwave Metal,19,133061,False
3MOYHjduSUAec0b7GbJvtH,Figure # 5,metal-misc,Soilwork,Figure Number Five,26,192026,False
37igcm8sm6hOr53GQ9Xb8C,Castlevania Meets Metal,metal-misc,ERock,Video Games Meet Metal Vol. 2,21,288104,False
5MgIFElEICBPteFRyQ2KQ0,Metallic Levels,metal-misc,"Fabraz, Mischa Perella",Slime-San DLC (Original Soundtrack),0,251637,False
2DZgndzqwxf9SaqOo9oHyH,Merciless Onslaught,metal-misc,Metal Church,Metal Church,24,176000,False
27dx8XeHTTiPmIu6sjZQ3T,Metal 100 BPM,metal-misc,Jim Dooley,Miscellaneous Beats,0,175200,False
1r1veDaOjocTlhaB133tcf,Metal Disco Rmx,metal-misc,Hong Kong Counterfeit,Metal Disco EP,14,403426,False
4XBJRT5abU1kvVykk31JoY,Miscarriage - Original Mix,metal-misc,tHrOnE,"Hybrid Metal, Vol. 06",0,206925,False
2bO6xKAyNW5yWBxqNCjPnI,Duel Of The Fates Meets Metal,metal-misc,ERock,Meets Metal Vol. 18,21,252732,False
3oKBXUlSkjHqCqg9atZWzb,Mischievous Metal Intro,metal-misc,carmelo.,Damaged,0,56730,False
4nP79rVZV35tLI1liADJKX,Hello,metal-misc,"SAMURAI, Rage Into The Inferno, Heavy Metal Songs",Hello,24,117006,False
0McvPCKfi6qqKuI3TuaFcj,Mischief (Beat),metal-misc,Metal & Beats,Mischief (Beat),0,206340,False
7gucBbyghznxymMxGhqjyD,Knock Knock,metal-misc,A. Yarmak,Hotline Miami Goes Metal,15,226977,False
411MXTkEJPQSY753PwVwnK,Dead Metal Dance,metal-misc,The Kolony,Mischiefs And Shenanigans,0,166173,False
4RDLkNN7vSwZIap5FKlLvQ,Metaldonna Medley,metal-misc,Psychostick,... and Stuff,16,352192,False
0IJpQ1XthQ0MIcOpoVhvI8,Scream Love,metal-misc,Metal Warrior,Scream Love,19,219985,False
3YCawA0dMI3THaTW62Dwk8,Fade To Black (Cover Version),metal-misc,Miscreant,A Metal Tribute To Metallica,0,297400,False
5rJPDghUHSvfjqsGaJWTFh,Sandstorm Meets Metal,metal-misc,ERock,Pop Meets Metal Vol. 2,15,226000,False
1SspDYbvUVDNUVtz5ET4bH,Mischief Night,metal-misc,Cliff McConaire,2021 Compilation Volume 1 (Metal),0,116157,False
2QKk8P0pSbgaGz4cXaI3op,Metal Rock Music,metal-misc,331Music,Adrenalin Rock,5,155010,False
5NyTjo8olqO53bGdHEmsXc,Legendary Mischief,metal-misc,Red Tony,Metal Scepticism,0,199417,False
1SNmdm5Yh5H8wkVkVgAIF7,Scrambled Metal,metal-misc,Nate Sassoon,Miscellaneous Catalog 1 (L-X),0,61714,False
1fue5ATakB60hsiX5gKuZw,Kill Shot,metal-misc,Team Workout,"High Octane Workout: Intense Metal Workout, Vol. 2",16,75615,False
3DTTiA7H9ass7jMgBE34sb,(My Favorite) Nightmare,metal-misc,Metal Church,Metal Church,21,191000,False
03AKK2aUaVO6f7oXGenTsu,DO YOU WANT TO DANCE (WITH A WANTED MAN)?,metal-misc,THE MISCREATED,YOUR FUTURE IS METAL,0,213299,False
0jni7kIHE12e1BC6WBq5xA,Metal金属,metal-misc,13C,Metal金属,16,81963,False
6elh4mnxoXNmNuiWeKmgSd,VORTEX OF SOULS,metal-misc,THE MISCREATED,YOUR FUTURE IS METAL,0,195988,False
1Pv5S3ThF3kPLl4uF791vm,Valkyries In The Sky (feat. Laura Guldemond & Tim Hansen),metal-misc,"All For Metal, Laura Guldemond, Tim Hansen",Valkyries In The Sky (feat. Laura Guldemond & Tim Hansen),29,228631,False
6d29biywmaeS0L4sH5G0Qe,ULTIMATE POWER,metal-misc,THE MISCREATED,YOUR FUTURE IS METAL,0,161941,False
0FnE6wpETDTa0Fe31zvZQN,Minimal Techno,minimal-techno,MR. $KS,Techno & Rave (Rework),0,233717,False
6sDLHrkteOPl56b1zy0ekP,Minimal Rhythm,minimal-techno,Luke Paul,Minimal Rhythm,38,133332,False
2Q7TsNooJxpRqc6mBaRMrx,Minimal Guitar - Techno Red Remix,minimal-techno,"Big Bunny, Techno Red",Liaison,0,359024,False
5w0CoXs5kccQASZSK9pvLS,Minimal Technology Corporate,minimal-techno,Korandrino,Minimal Technology Corporate,0,128727,False
333mKnEIccxUgOwQCCTPD8,Minimal,minimal-techno,Deborah de Luca,MNML,45,390447,False
0cDIP41CHBI0Vzv3IQDlEC,Minimal Push - Original mix,minimal-techno,Techno Red,Road Tech,0,426666,False
10qSWtackeTLMOKiixMoAJ,Strange Dreams,minimal-techno,Minimalistic,Strange Dreams,16,133068,False
3KzNdAW0e5DFT1p4Hw6RID,Minimal Bass - Original mix,minimal-techno,Techno Red,Opposition,0,330240,False
0zS7E1or38jI4aIXHfJx0H,Mesmerize My Mind (Hypnotic Deep Bass Minimal Techno),minimal-techno,VibeVista,Mesmerize My Mind (Hypnotic Deep Bass Minimal Techno),0,514500,False
17CXEbzsnCVDdTVKW8aMne,Minimal Illusion,minimal-techno,Nov Sanus,Minimal Illusion,22,131517,False
2Fd3zphMC6FqsqeGHG740I,Minimal Push - Dub mix,minimal-techno,Techno Red,Correctness,0,426666,False
4FvyjzWc5aREKeK6WUyOAq,Echoes of Whispered Dreams (Sleek Hypnotic Minimal Techno),minimal-techno,VibeVista,Echoes of Whispered Dreams (Sleek Hypnotic Minimal Techno),0,394034,False
11Eam5NZXSbeBpa5iTMiY7,Minimal Illusion (Extended),minimal-techno,Nov Sanus,Minimal Illusion,23,180000,False
5P9GwgykKNxVb9I0mXbCb9,Bassline Geometry (Precision Crafted Minimal Techno),minimal-techno,VibeVista,Bassline Geometry (Precision Crafted Minimal Techno),0,347904,False
7G7dHSlawl4o3NySxMmI0J,Strange World,minimal-techno,Dominik Gehringer,Strange World,28,240120,False
3cQQOvRtjV4QJn6T07g1hL,Minimal Depth (Deep Bass Minimal Techno),minimal-techno,VibeVista,Minimal Depth (Deep Bass Minimal Techno),0,464935,False
4nLyhgMGgI6S0LMi6ElvpE,Electronics Minimal,minimal-techno,Dmitro Khatskevych,Technology Life,18,78094,False
05t8AdX3YPyFV7uXBkZ8tI,Restor - Radio Edit,minimal-techno,Black Elektronika,Dark Side of Minimal Techno,8,328066,False
4TfLXDPgU2s9rbqztLKEXw,Echoes of Africa (Minimal Techno Meets Savannah Symphony),minimal-techno,VibeVista,Echoes of Africa (Minimal Techno Meets Savannah Symphony),0,368559,False
4mP3Gtwy4lCfY2HePu6bP8,Minimal Thoughts of Reason,minimal-techno,Tipper,Holding Pattern,9,250000,False
5m1dDAde4iXsxgYxJxDeoO,Minimal Illumination,minimal-techno,"Droplex, Corner","Winter Minimal Techno, Vol. 6.",23,322560,False
3LOMCDlPDMo0l1FJZMTAmx,Mind - Radio Edit,minimal-techno,Black Elektronika,Dark Side of Minimal Techno,8,340666,False
7AOiV2B3nPlzTQeU4uC8XR,Upbeat corporate technology (Business minimal background),minimal-techno,DepasRec,Upbeat corporate technology (Business minimal background),16,144053,False
4mHhs5e1po4Q4EXnOUGXz8,minimal,minimal-techno,green beat,minimal,13,70243,False
3oILrTbXCG4IJF6vSuapAo,Museum,minimal-techno,Robert Hood,Minimal Nation,16,315186,False
12Yt0R0CXLYbwmryqMff14,Minimal Odds,minimal-techno,geographic2073,a technocratic experiment,19,126045,False
4YFymYyDfTeFtPcCmvxR7k,Psika,minimal-techno,Dusty Kid,"Anatome, Vol. 1",24,816746,False
0ELifwnrhwegKmo7kCUGK5,Kenopsia,minimal-techno,Minimum Syndicat,Zenosyne EP,15,308142,False
39yA9BJNJwYaYeg26dM868,Minimalism,minimal-techno,Woo York,Echoes From Beyond,14,341271,False
1lZMBisdR0y7OKJf9LUAPj,Acid Trojan III,minimal-techno,Minimum Syndicat,Underground Activities,10,367939,False
50glLmDpXwdAINwBsTAk6t,Midnight Serenity,minimal-techno,"Panda Beats, BeaTraxx",Minimal Techno Odyssey,13,174193,False
7kLALq3WVUWbojpnFIVbpL,Minimalist,minimal-techno,LAFYZEN,Minimalist,16,76538,False
39TaLqdSJNe5qJVZaESX2T,Transcendental Delirium,minimal-techno,"Panda Beats, BeaTraxx",Minimal Techno Odyssey,18,171707,False
5il8TKEtQPHOstB997AguN,Minimal Break - Minimal Dance,minimal-techno,Prisman,Minimal Break (Minimal Dance),11,161519,False
4OP9HNd8yYK6pyQjApRPoX,The Arrival,minimal-techno,Deniz Bul,The Arrival,18,249375,False
0V8P280FJpxVFjMN8gnyE8,La Sirena Negra - Original Mix,minimal-techno,Nu,"Sound of Berlin 14 - The Finest Club Sounds Selection of House, Electro, Minimal and Techno",25,430500,False
3dsY1ptpXXgJcSG82wkUBX,Human,minimal-techno,Dominik Gehringer,Human,11,216774,False
4DOO2MLMT8twfPfRxyAJPg,Silent Subliminal,minimal-techno,"Panda Beats, BeaTraxx",Minimal Techno Odyssey,13,144390,False
4sy56SxNwE2WYMVvrdhfea,Ecstatic Synthesis,minimal-techno,"Panda Beats, BeaTraxx",Minimal Techno Odyssey,14,154146,False
67P1fXErqE0rbVIx3pu0it,MINIMAL KRUSH,minimal-techno,relaiXX,MINIMAL KRUSH,14,82546,False
2REeTqcCSVhPbiCJ5hkVZ7,Getting Ready For The Club,minimal-techno,"Panda Beats, BeaTraxx",Minimal Techno Odyssey,13,144000,False
1du4XeSc0AbK8miA5GcOXL,Minimal Monday Roller,minimal-techno,Thing,Minimal Monday Roller,8,223064,False
7jD7FEFzADLgGW8N0J2P4N,Analog Ascension,minimal-techno,"Panda Beats, BeaTraxx",Minimal Techno Odyssey,17,129836,False
3cVpt6BmAAg2tz2G0kFYgn,Misanthropy,minimal-techno,Minimal Durch,World War,0,402496,False
1kWcd9h9HoeXsKaDVhSOtj,Ela - Ao Vivo,pagode,"Sorriso Maroto, Ferrugem",Sorriso Eu Gosto No Pagode - Parte 1 (Ao Vivo),69,196988,False
50mawjudhEofTcUIpRmGXr,Deixa Acontecer,pagode,Grupo Revelação,100% Grupo Revelação,59,246226,False
3xyXfeL1jGtDugtFsZ33au,Pagode em Bras!lia,pagode,Tião Carreiro & Pardinho,Dose Dupla,51,177173,False
1zkx0x3aP43SHG3pt9cFRY,Deixa Acontecer - Ao Vivo,pagode,Grupo Revelação,Ao Vivo - Na Palma da Mão,56,260493,False
22H0gtWkqkj0ek7CdJ4xu3,Pagodes,pagode,Maru Gomes,Pagodes,25,122777,False
6CeeLpwJUYA4b0xL7eSvzn,Lancinho - Ao Vivo,pagode,Turma do Pagode,O Som das Multidões (Ao Vivo) [Deluxe],63,227413,False
4gjjWs6nwNLpMRYMa4Z2DZ,Camisa 10 - Ao Vivo,pagode,Turma do Pagode,Esse É o Clima (Ao Vivo | Versão Estendida),55,197360,False
4Z7T9zr9R6OwQzjJEKEMLL,"Estampes, L. 100: I. Pagodes",pagode,"Claude Debussy, Cecile Ousset",Classical Lullabies for Pets,0,311733,False
6DjKWVAqXUvMaAzO4U4CIo,Tá Vendo Aquela Lua,pagode,Exaltasamba,25 Anos (Ao Vivo),61,196306,False
6FllOXq1UDCFDt1V4YvN3K,Vamo de Pagodin,pagode,"Mc Daniel, DJ WN, Dj GM",Vamo de Pagodin,67,160864,False
79deOsfPyK0NRGKKRY6PvD,"Estampes, L. 100: 1. Pagodes - Pt. 1",pagode,"Claude Debussy, Philippe Cassard",Cassard plays Debussy,4,85480,False
06WkQibI8OhOLjDxIRKu5B,Ainda Gosto de Você / Já Era - Ao Vivo,pagode,"Sorriso Maroto, LUDMILLA, Belo",Sorriso Eu Gosto No Pagode - Parte 1 (Ao Vivo),65,345053,False
5r9CZJMoMmxio2AnJdxuDS,Pot-Pourri: Melhor Eu Ir / Ligando Os Fatos / Sonho de Amor / Deixa Eu Te Querer - Ao Vivo,pagode,"Grupo Menos É Mais, Di Propósito, Vou Zuar",Churrasquinho Menos É Mais (Ao Vivo),65,521088,False
5cdLNCo2ErnnYk9fJQLMaZ,"Estampes, L. 100: 1. Pagodes - Pt. 2",pagode,"Claude Debussy, Philippe Cassard",Cassard plays Debussy,3,95893,False
6LQQGxRzNLsWQtwgLe5fAm,Insegurança - Ao Vivo,pagode,Pixote,15 Anos (Ao Vivo),64,180853,False
2gChdW50WOzAYsK3P5JJot,Deixa Alagar - Ao Vivo,pagode,Grupo Revelação,"O Bom Samba Continua - Ao Vivo, Vol. 2",60,203984,False
0tWz0V5eRIJTLIkhoUfAXG,"Estampes, L. 100: 1. Pagodes - Pt. 3",pagode,"Claude Debussy, Philippe Cassard",Cassard plays Debussy,3,104093,False
5JTL91USvogeqs9huIpXk8,Poderosa - Ao Vivo,pagode,Thiaguinho,Tardezinha in Rio (Ao Vivo),61,205334,False
2aph9lbzZRsVr2WsMkJHQn,Pagode Russo - Versão BH,pagode,DJ JM DA IGREJINHA,Pagode Russo,53,118204,False
27AxGAmvqTV9SwbsrAKgUB,"Estampes, CD 108: I. Pagodes",pagode,"Claude Debussy, Steven Osborne",Claude Debussy & Gabriel Fauré - Steven Osborne,1,287400,False
1XNdu4czbxZ9tdVOhDtI4M,Cheia de Manias,pagode,Raça Negra,Grandes Sucessos,58,211000,False
4f0aDk7HX37SfzerfznYlr,Lapada Dela - Ao Vivo,pagode,"Grupo Menos É Mais, Matheus Fernandes",Confia (Ao Vivo),71,159322,False
4fMjqKYYsvtT6Fvca8lGFl,Sua Mãe Vai Me Amar,pagode,Turma do Pagode,Sua Mãe Vai Me Amar,61,183758,False
7oohAw9hiIMJqnewJ7vhOk,Pagode Russo,pagode,Luiz Gonzaga,Danado de Bom,52,131533,False
0in6Rc29qdyOkhKyYw4A84,Manda Áudio,pagode,Di Propósito,Manda Áudio,62,162056,False
2GuquvGZByyzsWRvzqhQKN,Pagode,pagode,"Tião Carreiro & Pardinho, Continental",Rancho dos Ipês,38,99666,False
5JQQylp65Mlpm6yC2JxHHr,Cheia de Manias - Ao Vivo,pagode,"Raça Negra, Thiaguinho",Raça Negra e Amigos II (Ao Vivo),51,277125,False
2hUagXXUIrQXm6NH8ulv2K,Pagode em Brasília/ Pagode/ Falou e Disse/ Mini-Saia/ Passa Moreno,pagode,João Bosco & Vinicius,João Bosco & Vinícius - Ao Vivo,38,308686,False
1N19UVD4GRBFT6UrDaX6rk,Bebe e Vem Me Procurar / Quem Ama Sente Saudade (Ao Vivo),pagode,"Turma do Pagode, Grupo Menos É Mais",Turma no Quintal (Ao Vivo),59,216818,False
6sWrtSw5H8crwA6fR4dyFb,Sou Pagodeiro (Love Yourself) - Ao Vivo,pagode,Dilsinho,Diferentão 2 (Ao Vivo),59,199537,False
3beOCT1wZvgiSANG0dKjjO,Mande um Sinal - Ao Vivo,pagode,Pixote,15 Anos (Ao Vivo),57,236893,False
6GCD2hCVYu1gkYeVgv7bLJ,Pagode em Brasília / Pagode do Alá / Tudo certo (Participação especial de Cézar & Paulinho),pagode,"Daniel, Cezar & Paulinho",Meu reino encantado II,32,268400,False
3EjxAbEOH28icEK1ZFOUSh,Essa Tal Liberdade,pagode,Só Pra Contrariar,Só Pra Contrariar,55,243000,False
6NGduXgHHF7ORyIu8vrRCW,Sinais - Ao Vivo,pagode,"Sorriso Maroto, Péricles, Ferrugem",Sorriso Eu Gosto No Pagode (Ao Vivo),59,220845,False
6ysY9W0iHj9bOflZCVshmC,Temporal,pagode,Art Popular,Pagodjé + Churrasquin,20,275360,False
3muPE25bYaBcjGJne7RnVx,Pagode de Casamento,pagode,Eduardo Costa,Pantanal,28,209423,False
3brFHuMKRHufbVp3Fql3Th,"Pagode, Dom Dom",pagode,Terra Samba,Deus É Brasileiro,21,202266,False
3rbpdn9eiqXotLoiuF2oTi,Fugidinha,pagode,Exaltasamba,25 Anos (Ao Vivo),52,184066,False
0xHa4adlvlFDrPl9P7ORFb,Pagode do Tempo,pagode,"Daniel & Samuel, Dinamite Barros",Pagode do Tempo,24,136227,False
0BEpSEV02FM1N5gcw2fsJC,"Kung Ayaw Mo Wag Mo - Recorded at Kodama Studios, Philippines",philippines-opm,IV Of Spades,Spotify Jams: OPM Love Songs,37,252037,False
55RMhrPQYA6vLu5YMgXxFD,Binibini,philippines-opm,Zack Tabudlo,Episode,60,221538,False
5CThcDR9mycL3TjNKQ2qFk,"Pangako - Recorded at Kodama Studios, Philippines",philippines-opm,Silent Sanctuary,Spotify Jams: OPM Love Songs,38,321486,False
7hLLpJ6stoDmLP4GkjavDh,Panalangin,philippines-opm,APO Hiking Society,Ten Years Together,56,212573,False
3UVmcKKagaUqqruhrnyOiA,"Ikaw Ang Aking Mahal - Recorded at Kodama Studios, Philippines",philippines-opm,juan karlos,"Spotify Jams: OPM Love Songs (Recorded at Kodama Studios, Philippines)",23,342307,False
39fER1yCJiyLuCo6alPuzT,Tuloy Pa Rin,philippines-opm,Neocolours,Rediscovered,55,272973,False
7FdLxktAbiOF4gKfoZmg30,Sumayaw Sumunod,philippines-opm,The Boyfriends,The Ultimate OPM Collection,50,197386,False
4HrFDg5eOE6jvkxUCB4YBR,Dahil Mahal Kita,philippines-opm,The Boyfriends,The Ultimate OPM Collection,47,196680,False
2rPuNCmYXiAwYxChgZpamG,Ang Pag-Ibig Kong Ito,philippines-opm,Leah Navarro,Re-Issue Series: Leah at Pag-Ibig,47,197266,False
4sYZHEiueAYM5klpUbVNyk,What?,philippines-opm,SB19,What?,47,270192,False
1GipXb4gCkBgVpkYY49JhE,Kanlungan,philippines-opm,Noel Cabangon,Opm Love Mix,44,283271,False
5W7SDGgyO1nEDz0StX5Qml,Kailangan Kita,philippines-opm,Leah Navarro,Re-Issue Series: Leah,30,205573,False
2hUsVGl6Di0q3YLukUjZ18,Nais Kong Malaman Mo,philippines-opm,The Boyfriends,The Ultimate OPM Collection,37,216280,False
2k4vWDfRBybW7io7GaDzh5,"Isang Mundo, Isang Awit",philippines-opm,Leah Navarro,Re-Issue Series: Leah at Pag-Ibig,28,147906,False
5FMk241KyVckeAgL82U1sv,Philippine Geography,philippines-opm,Yoyoy Villame,SCE: Magellan Philippine Geography,35,170680,False
47FtbLmQPMVEGbmKTmNnbb,Kapit Lang,philippines-opm,BINI,Born To Win,48,169846,False
3mTYyz3PTsvTSA6qSRVXsN,Oras-Oras,philippines-opm,The Boyfriends,The Ultimate OPM Collection,23,164613,False
5pSDEveqgXTvPU102hAIY1,TM Doble Dekada (Samahang Pina-Easy),philippines-opm,"The Juans, SB19, Donnalyn, Matthaios",TM Doble Dekada (Samahang Pina-Easy),34,219983,False
49TJ5u4Rio1peC5fOdwfHr,Paano,philippines-opm,Gary Valenciano,The Best of Gary Valenciano,28,291666,False
6N4bby2ZNbNwwx0dXYdklS,Pag-Ibig,philippines-opm,APO Hiking Society,"OPM Hits of the 70's, Vol. 1",29,192066,False
7w9z4wtRn6VKwic6ENXQeh,Sway,philippines-opm,MYMP,The Unreleased Acoustic Collection,37,278666,False
1E4LknT7ZtOFFJcfgVCgoF,Babalik Ka Rin,philippines-opm,Gary Valenciano,Hataw Na,34,259320,False
3zutMjdnH7mlgtBTbA3Ksk,Filipina Girl,philippines-opm,"Billy Crawford, Marcus Davis, James Reid",Filipina Girl,20,216415,False
7nsIHM526j4cHf15etholf,Kisapmata,philippines-opm,Raphiel Shannon,Kisapmata,34,314800,False
5w3wverXbhsaz2ctm05O81,Ibigin Mo Ako,philippines-opm,The Boyfriends,Akustik,21,254000,False
5ttwU1fWjNhQs4klV3AD8B,Mga Limot Na Bayani,philippines-opm,Asin,Re-Issue Series: Asin,30,161813,False
22dqVerbRnx4l9nLuxh0Cl,Saan Darating Ang Umaga,philippines-opm,Lani Misalucha,The Nightingale Returns (Sings the Greatest Filipino Songbook),29,277653,False
4HReCUb6uuK6eHeepR0gHX,Dalagang Pilipina,philippines-opm,Asin,Sinta Himig Kayumanggi 2,23,138080,False
4HvIoKPebtYEerEYS9DysT,Prom,philippines-opm,The Juans,The Juans,32,240573,False
37FcF2cytkqquITkrs9AhB,Pinoy,philippines-opm,Freddie Aguilar,The Legends Series: Freddie Aguilar,31,186920,False
2BUr2317s3p5DFGcGlMMtw,Upside Down,philippines-opm,Neocolours,OPM Rewind,17,302293,False
1WVrSNno6SWbWKZGc60pOM,Laging Ikaw,philippines-opm,"Dingdong Avanzado, Jessa Zaragoza",Laging Ikaw,23,249746,False
5bOK4RWFvo0XhXlYHdGX9U,Sa Tuwing Ako'y Nag-Iisa,philippines-opm,The Boyfriends,The Ultimate OPM Collection,17,211146,False
5aEXAdx05ThgwGVPV9kDJ6,Barong Tagalog,philippines-opm,"Ruben Tagalog, Sylvia La Torre, Mabuhay Singers",Best Philippine Centennial Songs,15,169266,False
493QsvjXLZa4AjggcMKVf7,Lorena,philippines-opm,Willy Garte,Nasaan Ang Liwanag,26,217666,False
18z27qYGJNMJxdgmzD6j1V,"Pilipinas, Inang Bayan",philippines-opm,"Ruben Tagalog, Sylvia La Torre, Mabuhay Singers",Best Philippine Centennial Songs,9,152173,False
7GDt8cFshlkymHwqQAWCau,Gandang Filipina,philippines-opm,"Dro Perez, Seh-an",Gandang Filipina,24,194000,False
2TUfOGaG6jikDMCbbDlVbs,Laging Ikaw Pa Rin,philippines-opm,Roselle Nava,On Higher Ground,27,266974,False
3mNJVFeuvBZ2a82FOWjW5G,Kay Buti Mo (Live),philippines-opm,Rommel Guevara,Filipino Worship Songs,34,446440,False
7vp5xqAl9qjZ8bdwaCEV8G,The Heart of the Filipino,philippines-opm,"Sarah Geronimo, Bamboo, Lea Salonga",The Heart of the Filipino,16,198217,False
1q1l887xA1xEmReGHFvp7d,Bayan Ko,philippines-opm,"Ruben Tagalog, Sylvia La Torre, Mabuhay Singers",Best Philippine Centennial Songs,13,194120,False
0TbH9xGknZhv7Pd3ND2Y0U,Salamat Salamat (Live),philippines-opm,Malayang Pilipino Music,Malayang Pilipino Music (Recorded Live at Cuneta Astrodome),32,268970,False
4TeJdKsuRxOFynSssHJd4J,Hero,post-dubstep,Extreme Music,Post Dubstep,21,239413,False
0xoP7caCgKlnT9JhnPbcXe,Bleed,post-dubstep,SVDDEN DEATH,VOYD Vol. 1.5,39,137142,False
1EMciVXUNezYndQhxGWmkv,Fade Away,post-dubstep,Extreme Music,Post Dubstep,13,229386,False
6tt4cxvINNArQIYYNQVdEK,Let It Roll,post-dubstep,Extreme Music,Post Dubstep,3,184981,False
4nSwYiO7AID2UujzJN2HEQ,If You Want It,post-dubstep,Extreme Music,Post Dubstep,7,177237,False
0x8Blk1z69HQpkv1IpRnwi,They Love You,post-dubstep,Extreme Music,Post Dubstep,6,165152,False
2vvpJ7CJ80THGG8gLDGxug,POETIC PIT,post-dubstep,HOL!,POETIC PIT,33,280123,False
7ghIvARlT16IZJkgjCYetv,We Were Stronger,post-dubstep,Extreme Music,Post Dubstep,1,144010,False
6qljtehAfTad1n2k7qCFDr,Planet X,post-dubstep,Extreme Music,Post Dubstep,4,211605,False
2pDV1rmReujuU1m4p5D3EF,Kaiju,post-dubstep,Space Laces,Kaiju,28,185806,False
6oOgsZQxdQ6Tqoa1Q87ti7,Right Time Right Way,post-dubstep,Extreme Music,Post Dubstep,2,210560,False
560eluwgcEcAEUFk18fyWS,Other Worlds,post-dubstep,"Bassnectar, Dorfex Bos",Reflective (Part 2),31,309428,False
3FwQT0B9KEWzKpkHOgDAyQ,You Ran a River,post-dubstep,Extreme Music,Post Dubstep,0,158400,False
36jRRK78GM1eiOjErL5KXO,After The Water,post-dubstep,"Zeds Dead, Champagne Drip",We Are Deadbeats (Vol. 4),26,241853,False
1jfjnwq5JAep5BqnAPqoBH,Sing,post-dubstep,Extreme Music,Post Dubstep,2,204885,False
2ENcX85fdHUj0fdpAkX32k,BRUH?!,post-dubstep,Herobust,BRUH?!,30,224800,False
5QNDwnEjufmvZZu8WXakgm,Life in Reverse,post-dubstep,Extreme Music,Post Dubstep,0,159594,False
6c9ZtxbhDLNgVZuGm26UkP,THE CALLING,post-dubstep,HOL!,THE CALLING,26,179383,False
1FdfFlv92HUGksqpXWMivd,Everything You Said,post-dubstep,Extreme Music,Post Dubstep,1,165045,False
7Muy4XmkArp1e0rZh7gMp2,Goblins - Post-Dubstep DJ Mix Edit,post-dubstep,Frost Raven,Dubstep Classic Hits Top 100 2016 DJ Mix,0,342297,False
6aeIO80iGnYxW9ZMazc1fa,Nu Anger,post-dubstep,Aweminus,"Syndicate, Vol. 2",22,213271,False
67qU3GAYnWQm1GDwu5YZJW,Oh My Gawd - Post-Dubstep DJ Mix Edit,post-dubstep,Intent To Sell,Dubstep 100 Top Dubstep Bass Hits + DJ Mix,0,251263,False
147qu5zRlhRbokjGE0ocwY,Post Modern Dub,post-dubstep,Hebbe,3 Tabs,15,289013,False
2pQXwZQr0Te6bYF9hGrWMJ,Post-Dubstep Synths - Subs & Strings,post-dubstep,Daniel Alflatt,"Dubstep Rose, Vol. 2",0,152276,False
4w2TAYFTaDvAMIMuRHyvDq,Beef,post-dubstep,Effin,Flashback EP,27,198400,False
6iMAY70a8jzTLqnWZkLhBL,Inevitable Outcome,post-dubstep,PhaseOne,Dead Line EP,28,218482,False
4CXZVRQvSSJFHamFtNBM3B,Bass Rap - Post-Dubstep DJ Mix Edit,post-dubstep,Intent To Sell,Dubstep 100 Top Dubstep Bass Hits + DJ Mix,0,153959,False
4xjDJXCIsZiyMXsVvWisqM,Poltergeist,post-dubstep,"Hi I'm Ghost, Emorfik",Poltergeist,25,150857,False
6WcfVdqRlr0G0X6DRVjaox,Cusp - Original Mix,post-dubstep,Seven Lions,Cusp,21,280746,False
46zUwBAewxlhtIEGbkANHT,Seraki Mire - Post-Dubstep DJ Mix Edit,post-dubstep,Frost Raven,Dubstep Classic Hits Top 100 2016 DJ Mix,0,349994,False
0VZSPWuaqx7K3xIyC7n5lE,Brainstorm,post-dubstep,SVDDEN DEATH,VOYD Vol. 1.5,23,202285,False
1HYCXQWH0lnAQjmrnYnBGp,Zen-Guru - Post-Dubstep DJ Mix Edit,post-dubstep,Rollikz,100 Dubstep Hot Hits DJ Mix 2015,0,215473,False
1CxvAJLpvVXPt9lABVCwDC,Sojourn,post-dubstep,"Seven Lions, Crystal Skies",Sojourn,24,255922,False
2XYxvT11kVWmYRmqD2LJiA,Dubstrike - Post-Dubstep DJ Mix Edit,post-dubstep,Spec and Fuho,100 Dubstep Hot Hits DJ Mix 2015,0,299459,False
4IsDHRsHGZzPhhmE3ayXhm,93 'til now,post-dubstep,Zeds Dead,Catching Z's,20,157843,False
70g49CrVdszVXL2K4PthrW,The Mystery - Post-Dubstep DJ Mix Edit,post-dubstep,Mike Lucid,Dubstep Hard Bass Top 100 Hits 2015 DJ Mix,0,190500,False
5pV76Lp7ALj8bD5KxHuMLK,Poor Boy Riddim - Post-Dubstep DJ Mix Edit,post-dubstep,Enzymes,Dubstep Legends DJ Mix 101 Hits 2016,0,350185,False
5lq6SWojdDUnnLILzyD2w1,Close Your Eyes - Post-Dubstep DJ Mix Edit,post-dubstep,Dodds,Dubstep Hard Bass Top 100 Hits 2015 DJ Mix,0,237828,False
6k8gvVFhV5hJyiRd1fWCK6,Step of Inertis - Post-Dubstep DJ Mix Edit,post-dubstep,Mind Portal,Dubstep Legends DJ Mix 101 Hits 2016,0,463879,False
13YcFnY8LqIjzKRq6aGUBm,Phototropic,post-dubstep,Chime,Phototropic,21,244000,False
6ya2JHvheKsL97vFE303OG,The Great Unknown - Rogue VHS Progressive House Remix,progressive-house,"Dr Chrispy, Rogue VHS",The Great Unknown (Rogue VHS Remix),17,324147,False
24cdQrBiDTDjV93Ks27E4P,Through The Darkness - Mixed,progressive-house,"LTN, Ghostbeat",Progressive House Essentials 2021,37,188841,False
0aBGViGCqcaMAKCCiWsUti,Progressive House One,progressive-house,Tessmann,Explain One House,1,315000,False
4yYWPJCRTexVA1a818vmIU,Utah - Mixed,progressive-house,RNX,Progressive House Essentials 2018,28,193547,False
6I3TdKmf0o87xs8jCzMFuz,Vivaldi Winter - Progressive House Remix,progressive-house,Chris Justin,Vivaldi Winter (Progressive House Remix),24,195703,False
0tsOeBFMKrx8SJbo5zawzk,Still Feel,progressive-house,Farius,Still Feel / Propulsion,28,223000,False
3Epj6gWkuARTDIb7E9yG3k,Synthesiser Physical,progressive-house,Progressive House Absolute Music,Midnight House Vibes,0,104071,False
6fr1oGWhDjazOV7gEAKZlh,Mezzanine,progressive-house,Gareth Emery,Mezzanine,29,270000,False
0GFltTzctdC1lvWY2zFte8,Viva Warmth,progressive-house,Progressive House Absolute Music,Midnight House Vibes,0,96078,False
7FUzB86KZ2vKpDk9wLTFXT,9910,progressive-house,Orjan Nilsen,9910,29,205425,False
68pAULlO2gGBsgL5L5z01E,Planet Co2,progressive-house,Progressive House Absolute Music,Midnight House Vibes,0,112065,False
38X4uoWeldyErKQUuk3bVi,Elevated - Mixed,progressive-house,Veeshy,Progressive House Essentials 2018,21,276482,False
7jQxIGVmyAdgpVs6EhlsMU,Steel Hangover,progressive-house,Progressive House Absolute Music,Midnight House Vibes,0,128052,False
4SaAKx4GsJoQRF4x0vUJdz,Guiding Light,progressive-house,Tom Fall,Guiding Light,28,169846,False
6dKBMPv4sxWTPXM2XyFJDi,Kinetic Hotel,progressive-house,Progressive House Absolute Music,Midnight House Vibes,0,104071,False
1Qspmjbb9Cj44JFUuyzGF3,Dark Magic,progressive-house,PROFF,Dark Magic,23,257704,False
0Lncze858sWfQssFruT52N,Something (Official Progressive House),progressive-house,Alejandro Hernandez,Something (Official Progressive House),0,211742,False
4Te83B6Q81ycwAQQfzbki4,Mosaic,progressive-house,Capa (Official),Mosaic,25,234116,False
0RUgNty9ntb9idWOxSynn5,Experience Hot,progressive-house,Progressive House Sessions,Detroit Afterparty,0,163866,False
1WNj9UB2vVR3qck9xsC8zf,Nightride,progressive-house,Matt Fax,Progressions,12,183250,False
2fhCvejL7HPHSfPvnNCAHN,Terrace Record,progressive-house,Progressive House Sessions,Detroit Afterparty,0,196231,False
43fafPTQEWPzNU8G8FJYn5,Sheeverz,progressive-house,Sunny Lax,Sheeverz / Alliance,17,238124,False
6Gg7qQKtZ8BoSOBicMqnSR,Warehouse Flying,progressive-house,Progressive House Sessions,Detroit Afterparty,0,182909,False
501WQr4MIMq275ara82msQ,Solar Plexus,progressive-house,Sunny Lax,Solar Plexus / Torus,20,230625,False
0bmvmXdHFagmo4ffg85kGp,Escape Grind,progressive-house,Progressive House Sessions,Detroit Afterparty,0,144822,False
323Uy1c7uQVygFR8YT9NMR,PROGRIIM,progressive-house,Shadient,PROGRIIM,14,195096,False
6rnyBkbWhuz3O2SLJRu0to,Cocktail Afterparty,progressive-house,Progressive House Sessions,Detroit Afterparty,0,167680,False
6BJMgK71YzrlniKsCH30Is,Night Sky,progressive-house,Sunny Lax,Night Sky,12,216093,False
7HQvFKyUbiTunEbZNKItV5,Tape Bassline,progressive-house,Progressive House Sessions,Detroit Afterparty,0,156238,False
3Ao5LHEQ2ThZptlS8ztsTD,Progression - Radio Edit,progressive-house,Domskyla,Progression,22,188124,False
6wHxNB6zvx7WmSVLniLEyR,Natural Connection,progressive-house,Progressive House Sessions,Detroit Afterparty,0,190537,False
1Brzbbu5llWD7OlVhFpX2c,Are You Dreaming,progressive-house,Jiminy Hop,Are You Dreaming / Verona,25,248852,False
4mFPw3ke3b0BvSi4MPBjoO,Ibiza Alpha,progressive-house,Progressive House Sessions,Detroit Afterparty,0,160026,False
7vdle9cmbP5dHrTzXPXPQh,Enceladus,progressive-house,Sunny Lax,Enceladus,18,212812,False
2bjnqfSpaOxKhnaANIqDNN,Sonic Disco,progressive-house,Progressive House Sessions,Detroit Afterparty,0,182883,False
7A3ayXgvarXfaVPsyQpYPE,Jam,progressive-house,Above & Beyond,Jam,15,244687,False
0txfNDwEBFFnlEs6OYtPEh,Power Detroit,progressive-house,Progressive House Sessions,Detroit Afterparty,0,167680,False
6WGQED6Q6MXDtiHOPZZjes,Fragments,progressive-house,Capa (Official),Fragments,14,207610,False
3ktWgfmK3Jz5W0pdxSX1EC,High Sampler,progressive-house,Progressive House Sessions,Detroit Afterparty,0,142889,False
0IoIENBBhBlNcSNCVfbew8,Ocean Tape,progressive-house,Progressive House Sessions,Detroit Afterparty,0,156238,False
0DCOd5dGP4aclwJCMLiV5A,Rosy,progressive-house,Purple Haze,Rosy,16,217968,False
4lRyDtwev4Tz1bcgm4hioS,Quirky Escape,progressive-house,Progressive House Sessions,Detroit Afterparty,0,152424,False
64WQwy6X8T9BbG0hOP1AJQ,From The Past,progressive-house,Andrew Bayer,From The Past,12,283125,False
7L6EhsfA1vSi6bBCFP8zYb,Anthem Cloudburst,progressive-house,Progressive House Sessions,Detroit Afterparty,0,137195,False
00ckQTGUMvv0ruBaSlQkNX,Projection,progressive-house,Above & Beyond,Projection,11,230624,False
65LG61m1dfmKborysg8bhM,Banging Passionate,progressive-house,Progressive House Sessions,Detroit Afterparty,0,160026,False
1dTk6GHB7RIbEX4gsVbyoz,Progressional Drift - Extended Mix,progressive-house,FlowSeq,Progressional Drift,5,312250,False
5KANR3BIyuRtoWybs47c83,Breakbeat Uplifting,progressive-house,Progressive House Sessions,Detroit Afterparty,0,148636,False
3wud0u8mAupGeotcXcuPKO,Greensight - Edit,progressive-house,Sunny Lax,Bad Bye EP,11,249609,False
0FD6tpo88qkJmdaAyvR1yU,"One Short Day - From ""Wicked"" Original Broadway Cast Recording/2003",show-tunes,"Stephen Schwartz, Kristin Chenoweth, Idina Menzel, Stephen Oremus, Alex Lacamoire",Wicked (Original Broadway Cast Recording / Deluxe Edition),44,183853,False
5GL9ALxjPKpolgUxQnrAr1,I'm a Martian,show-tunes,Marvin the Martian,Merrie Melodies (Songs From The Looney Tunes Show: Season One),30,70061,False
3D4J0o9w44QKFrBrYrSVJY,What Comes Next?,show-tunes,Jonathan Groff,Hamilton (Original Broadway Cast Recording),57,99343,False
2oMCHQh9SuyzGPl4Qw6jwl,The World Will Know,show-tunes,"Jeremy Jordan, Newsies Original Broadway Cast",Newsies (Original Broadway Cast Recording),43,248765,False
0gMW8XpPFPjoApDii5Tj1u,Waving Through A Window,show-tunes,"Ben Platt, Original Broadway Cast of Dear Evan Hansen",Dear Evan Hansen (Original Broadway Cast Recording),55,236360,False
2fos7qVkEFxPREMUUOnm3l,Singing In the Shower,show-tunes,Veronica Jax,Workout Tunes,28,203490,False
3cGmUgp7hF5Eb8NyuEmtCA,Overture/And All That Jazz,show-tunes,"Catherine Zeta-Jones, Renée Zellweger, Taye Diggs",Chicago - Music From The Miramax Motion Picture,46,364360,False
184HGdGIscUiPbDuqbvHuN,"Defying Gravity - From ""Wicked"" Original Broadway Cast Recording/2003",show-tunes,"Stephen Schwartz, Kristin Chenoweth, Idina Menzel, Stephen Oremus, Alex Lacamoire",Wicked (Original Broadway Cast Recording / Deluxe Edition),53,353920,False
3EbijO6ypCV40Nn9HPrF9R,"Show You Love - From ""Beauty And The Beet"" Soundtrack",show-tunes,VeggieTales,Beauty And The Beet (Original Motion Picture Soundtrack),13,195013,False
6OG1S805gIrH5nAQbEOPY3,You'll Be Back,show-tunes,"Jonathan Groff, Original Broadway Cast of Hamilton",Hamilton (Original Broadway Cast Recording),64,208321,False
1tlfh7RSe2T39byWWM8J2L,"I'm Not That Girl (Reprise) - From ""Wicked"" Original Broadway Cast Recording/2003",show-tunes,"Stephen Schwartz, Kristin Chenoweth, Stephen Oremus, Alex Lacamoire",Wicked (Original Broadway Cast Recording / Deluxe Edition),39,50173,False
3raXh0ZKJ5sW0Rldq2y2lj,Jeopardy Main Tv Show Theme,show-tunes,Toners,"Tunes Now: Themes, Vol. 2",20,31947,False
4dNuWYZhWK0QhLUjQLGRkE,Brooklyn's Here,show-tunes,"Newsies Original Broadway Cast, Tommy Bracco",Newsies (Original Broadway Cast Recording),39,113473,False
7HALdan8lALluglk1uW8Eq,Fart Fashion Show,show-tunes,Mr Farts,Fart Tunes,12,88081,False
0LgODbepSswNlLUK8EEH8v,Anything Goes,show-tunes,"Sutton Foster, Anything Goes New Broadway Company Orchestra",Anything Goes (New Broadway Cast Recording),39,348253,False
7goE6wDBvkZoeWrFm0EdCg,You Can't Stop The Beat,show-tunes,"Elijah Kelley, John Travolta, Queen Latifah, Nikki Blonsky, Zac Efron, Amanda Bynes, Motion Picture Cast of Hairspray",Hairspray (Soundtrack To The Motion Picture),53,324706,False
5tss1t3JPChGNjNa7jPoQe,Tv Show Theme from ''the Mentalist'',show-tunes,Toners,"Tunes Now: Hits, Vol. 10",12,68675,False
7BYVb8ueEqGvcnPJWXihSt,"No Good Deed - From ""Wicked"" Original Broadway Cast Recording/2003",show-tunes,"Stephen Schwartz, Idina Menzel, Stephen Oremus, Alex Lacamoire",Wicked,38,211573,False
0yPTvfkRZVkzuPVohGsWIZ,Magnum P.i. (Theme from ''magnum P.i.''),show-tunes,Toners,Tunes Now: Show Tunes,14,209737,False
0XoVXIggK81o9urLqFc161,Good Morning Baltimore,show-tunes,"Nikki Blonsky, Motion Picture Cast of Hairspray",Hairspray (Soundtrack To The Motion Picture),51,234093,False
6qkPk5xE1H94fFYfgRcDBt,A Musical,show-tunes,"Brad Oscar, Brian D'Arcy James, 'Something Rotten' Ensemble, Wayne Kirkpatrick, Karey Kirkpatrick",Something Rotten! (Original Broadway Cast Recording),37,467906,False
1DbFDSgAGaM4QXYmNO54Jm,Mork and Mindy Main Tv Show Theme,show-tunes,Toners,"Tunes Now: Themes, Vol. 2",11,74710,False
1s3o5GqisqVCKRiCG2gJSN,"Oh, The Thinks You Can Think - Original Broadway Cast Recording",show-tunes,"Lynn Ahrens, Stephen Flaherty, David Shiner",Seussical,32,231640,False
5XbYj1hE7I9LIWoGVBdYbF,Bonanza Main Tv Show Theme,show-tunes,Toners,"Tunes Now: Themes, Vol. 2",10,39601,False
1oTLAGqjOZpkQ41Wr8UqSy,Chitty Chitty Bang Bang: Chitty Chitty Bang Bang,show-tunes,"Richard M. Sherman, Robert B. Sherman, Michael Ball, Emma Williams, George Gillies, Carrie Fletcher, Robert Scott",Chitty Chitty Bang Bang (Original London Cast Recording),31,138240,False
1LtS82TmbO0SojcoJvOxE7,Bugler's Dream (Original Olympics Opening Ceremony Theme),show-tunes,Toners,Tunes Now: Show Tunes V2,11,41273,False
68vmsStm9GfHlvWSaAnieU,Meditative Shower Melodies,show-tunes,Tranquil Bath Tunes,Shower Serenity Symphony,10,124624,False
6Jike9RbNOGu0cAubXJ6PF,Suppertime,show-tunes,Soundtrack/Cast Album,Little Shop Of Horrors - New Broadway Cast,30,149346,False
5HzV57Cc4id8bLDAw6w3av,Some Like It Hot (From ''Some Like It Hot'') [Made Famous By Marilyn Monroe],show-tunes,Toners,Tunes Now: Show Tunes V2,10,79334,False
3SnXIPWciHwAS04oKdPC0l,Seasons of Love - From the Motion Picture RENT,show-tunes,Cast Of Rent,Seasons of Love (From the Motion Picture RENT),46,183546,False
1QeLYwJk0KrPHX1KPea4Oo,Somewhere That's Green,show-tunes,Soundtrack/Cast Album,Little Shop Of Horrors - New Broadway Cast,34,250506,False
39oo3E6ig9KU61yZ2XXAUe,Grilled Cheese (feat. Billy West),show-tunes,"Elmer Fudd, Billy West",Merrie Melodies (Songs From The Looney Tunes Show: Season One),19,77983,False
5HZCMnScUwekum55mcRdjK,"I'm Not That Girl - From ""Wicked"" Original Broadway Cast Recording/2003",show-tunes,"Stephen Schwartz, Idina Menzel, Stephen Oremus, Alex Lacamoire",Wicked (Original Broadway Cast Recording / Deluxe Edition),45,178760,False
1mGnIAxWGb2DBnlqwCqOuO,Prologue: Into The Woods,show-tunes,Original Broadway Cast of Into the Woods,Into the Woods (Original Broadway Cast Recording),31,718600,False
2BxXhqgYx9lEZdJipB2EqS,Show Me The Way - Live,show-tunes,Peter Frampton,Throwback Tunes: Classic Rock,14,278816,False
4iAfHjwc9oAIXEXwYba8dG,Welcome To The 60's,show-tunes,"Nikki Blonsky, John Travolta, Motion Picture Cast of Hairspray",Hairspray (Soundtrack To The Motion Picture),43,312933,False
1mOzw85duE3UegWXtoQB4s,The Show Must Go On - Original Film Version,show-tunes,"Jim Broadbent, Nicole Kidman, Anthony Weigh",Moulin Rouge 2,31,184186,False
0vatWsX7RSNbNQpQJWxRMn,Shower Serenity Symphony,show-tunes,Tranquil Bath Tunes,Shower Serenity Symphony,14,125995,False
0pB7Zi5EG1bKhGh01LSQ01,"Mama, I'm a Big Girl Now",show-tunes,"Marissa Jaret Winokur, Laura Bell Bundy, Kerry Butler, Hairspray Ensemble, Original Broadway Cast of Hairspray",Hairspray (Original Broadway Cast Recording),30,198333,False
2nsLIrGIYosAoS9EJ4vjVQ,Boardwalk Empire Theme (Straight Up & Down) [main Tv Show Theme],show-tunes,Toners,"Tunes Now: Themes, Vol. 2",15,94093,False
2evbZdRlvauZBEOEjNYHjx,Puttin' on the Ritz (Puttin' on the Ritz),show-tunes,Leo Reisman & His Orchestra,Show Tunes of the 1920's Vol. 2,14,168946,False
1AD6IcfzMTyQGrNsH37SMV,Something To Believe In,show-tunes,"Jeremy Jordan, Kara Lindsay",Newsies (Original Broadway Cast Recording),38,211704,False
4dEihUMskQVhxeVIvJjR5B,Singer Songwriter,singer-songwriter,Okkervil River,The Stand Ins,20,229666,False
4qd9143Nzjhf6fJPnE3X8r,Singer Songwriter (feat. EZ Kim),singer-songwriter,"CRUCiAL STAR, EZ Kim",Maze Garden,19,240072,False
3qH0m7wpuzGNbsMuM4EEcP,Morning Song,singer-songwriter,Jewel,Pieces Of You,32,215840,False
4DWSITIa6rcYGVvMZzhnv3,Sing the Singer/Songwriter Song,singer-songwriter,A Verbal Equinox,And the Ringmaster Is Pleased to Introduce...,22,102613,False
3Bw4udoqLBBDpEMJgMt9Um,Angel Standing By,singer-songwriter,Jewel,Lullaby,35,165986,False
5xutHXpoqLI3DjXI4f0pqi,Singer-songwriter,singer-songwriter,Fantastico Ensemble,Enjoyable Time in a Cafe,0,78143,False
3AzocTnHsK24icENzqKL7m,Whisper of the Echo (Gefühlvolle Singer-Songwriter Ballade),singer-songwriter,VibeVista,Whisper of the Echo (Gefühlvolle Singer-Songwriter Ballade),0,239999,False
3uuxgaAk5CgNXUkxpdb1YK,The Day We Fell in Love,singer-songwriter,"Nick Kingsley, James Grinder",Singer Songwriter 5,30,169377,False
6sPBFfag3sL83mHKhzUxKC,Strandserenade (Poetische Singer-Songwriter Ballade am Meer),singer-songwriter,VibeVista,Strandserenade (Poetische Singer-Songwriter Ballade am Meer),0,236439,False
04EK0WBY4tOkCo5sJTqjxU,Hope You Think of Me,singer-songwriter,Bleeding Fingers,Singer Songwriter 5,22,162340,False
3n1xV4Q4IjJgssHYqC5xJH,Bored,singer-songwriter,Billie Eilish,Pop & Indie Singer-Songwriter,25,180933,False
2JWSJruU0fLaNN3fqrLGwV,The Singer Addresses His Audience,singer-songwriter,The Decemberists,"What A Terrible World, What A Beautiful World",20,282986,False
7tTrTvxzNAXnnsWp0Actc6,Losing You,singer-songwriter,Bleeding Fingers,Singer Songwriter 5,21,164241,False
28zSrc22pN7CSv01aKVxvg,Singer-Songwriter,singer-songwriter,Aidan Knight,Small Reveal,10,174413,False
7B5HaMKkrDyuF3vEvBswqt,Wait,singer-songwriter,Sarah McLachlan,Fumbling Towards Ecstasy,29,249640,False
5YAPFqgUqfm2v0xcImzBcH,3 Minute Song,singer-songwriter,Josh Wilson,Christian Music's Best - Singer-Songwriters,13,179337,False
080wwPmviKIpHDjDifzlvs,I'm Sensitive,singer-songwriter,Jewel,Pieces Of You,29,176693,False
2Zig3M77yerwb0YFRdLHgV,Be Happy for Me,singer-songwriter,The Kinnardlys,Singer-Songwriter,10,208138,False
1UXHK1EVHQj1o4EF6Q4zmb,Song For My Father,singer-songwriter,Sarah McLachlan,Shine On,33,196933,False
6XwOAseItm364tMGDx7UuL,"I miss you, I’m sorry",singer-songwriter,Gracie Abrams,Pop & Indie Singer-Songwriter,14,167538,False
2FbvAi2JKjQ9ZqmDvSGSzq,Sound & Light,singer-songwriter,The Singer and the Songwriter,Sound & Light,16,203733,False
1mIvpZc5QwqKduFv3ecM2P,"가자, 밤으로",singer-songwriter,K.Y.C Singer-songwriter,"가자, 밤으로",9,257837,False
60X8hU3xal7nh9NSRAzRsM,Song in Stone,singer-songwriter,Iron & Wine,Beast Epic,30,201609,False
2muWU1VkeVPQdqz4e8uaXT,니가 나를 떠난 날,singer-songwriter,K.Y.C Singer-songwriter,"가자, 밤으로",8,234705,False
07ItvNMIe1xdbqy8xrbHV1,The Songwriter,singer-songwriter,Father John Misty,God's Favorite Customer,22,225840,False
5DwydO1c6XwTKCW8Y2r28V,Songwriter,singer-songwriter,Van Morrison,Days Like This,21,171333,False
2GVvI0L4ejlrUH7HHwYiBU,Gold,singer-songwriter,Tolan Shaw,Singer Songwriter: Indie Pop (Deluxe Version),46,185071,False
7mls0BUia2WSmSTA3ohDf7,I’m Sorry,singer-songwriter,"Nick Kingsley, James Grinder",Singer Songwriter 5,16,157943,False
0RRh8TchxnFLhz3oLCYXdu,Never Seen Nothing Like You,singer-songwriter,Nate Highfield,Singer-Songwriter 2,15,230249,False
4LWrnnStSFx4dsiVLsgPun,Out of the Blue,singer-songwriter,Stu Larsen,Songs I Wrote,36,216661,False
0LaQWKAaWuLWQmD3kwwvCr,It's All Good,singer-songwriter,Kyle Tredway,Singer-Songwriter 2,11,240047,False
6fcRYxHcr2E7nTmiNMHZDa,Your Mind,singer-songwriter,K.Y.C Singer-songwriter,"가자, 밤으로",5,270857,False
60JIZke8vp160M9H3AD1uV,Take A Drink,singer-songwriter,SingerGee$,Distant Dreams,22,77557,False
6bgTlI3zvwHQdpEngD2QuO,When It’s Good,singer-songwriter,Bleeding Fingers,Songwriter Pop,26,146389,False
4N9qlZyxlFudl25BjoL0Iy,Never Meant to Be,singer-songwriter,Tony Rice,Night Flyer: The Singer Songwriter Collection,21,247253,False
2Jd3NwcCsiafMMMgv26XGa,Songs That She Sang In The Shower - 2023 Remaster,singer-songwriter,Jason Isbell,Southeastern (10 Year Anniversary Edition),20,238560,False
0TwCxME0bZYncoqHHF9sSg,Comfortably Numb,singer-songwriter,Dar Williams,My Better Self,23,326173,False
7br6QldlHATrpNjsQ8zZeU,Won't Be the Same,singer-songwriter,Billy the Kid,Singer-Songwriter,9,206112,False
5R4fZZH6sfq0ctdU2oAjsw,The Work,singer-songwriter,The Singer and the Songwriter,The Work,17,269213,False
5i1ehnzaCkj0uxprlwKtIl,Barrooms to Bedrooms,singer-songwriter,David Wills,The Singer the Songwriter,14,152437,False
3OeFixYaFfs6KvKDlzP2LN,What's Simple Is True,singer-songwriter,Jewel,Spirit,23,215866,False
3DLjO9iFIznY2PcX8c5wjt,There's a Song on the Jukebox,singer-songwriter,David Wills,The Singer the Songwriter,13,183720,False
3iP7SpcISn7ShRFm7ehkTW,Break My Heart,singer-songwriter,"Nick Kingsley, James Grinder",Singer Songwriter 5,19,184224,False
6qQPzp3PVW9AjeR6n1y5aj,When I Pay You Back Someday,singer-songwriter,"Michael Feuerstack, Leif Vollebekk",Singer Songer,26,172731,False
21XTMHDnuRC2ZS8vPkpUI0,Surrounding Me,singer-songwriter,"The Songwriter Initiative, Colby Key",Surrounding Me,11,265549,False
3LNgBFTqXBHjl9j6Lv5PRK,I'm The Only One,singer-songwriter,Melissa Etheridge,20 #1’s: Singer-Songwriters,4,294013,False
5c4T0gvgzWRLLFrfjsF5Xu,Stronger Woman,singer-songwriter,Jewel,Greatest Hits,18,231373,False
0ptKXVvF6qrNAjm9HGG0Rw,Close To You,singer-songwriter,Michael Prins,De Beste Singer Songwriter van Nederland 2,43,290680,False
1KPELk77TgAWFlsZgZspkN,Singers,singer-songwriter,The Tallest Man On Earth,Dark Bird Is Home,17,187506,False
0Sc9gR17FPe35uRtVe1rD3,Bunga Terakhir,singer-songwriter,Bebi Romeo,The Singer-Songwriter,36,290053,False
4w3gQGLfOdygxcSV16b9Sv,Soundtracks & Come Backs,soundtracks,GoldFish,Goldfish Perceptions of Pacha,24,320360,False
6BE9BahR3PqQCZqeesvii3,Moon and Star,soundtracks,Wintergatan Soundtracks,Moon and Star,25,200142,False
448x6kMFMWSA7mxGalVcjx,SENSES,soundtracks,Nordic Soundtracks,With Peter Secher,21,173846,False
2WX2ibUiftiwGTFJd7TAxk,Soundtrack,soundtracks,The Strike,Soundtrack,38,228080,False
6eUUyttxLWO7lYpAl7Hag7,"Nevermore Episode 42 ""Duet in Death"" (WEBTOON Original Soundtrack)",soundtracks,"Ele Soundtracks, Lucia La Rezza","Nevermore Episode 42 ""Duet in Death"" (WEBTOON Original Soundtrack)",25,109000,False
1WWHOomqa45vPjGp90ErwI,Soundtrack Song (Bonus Track),soundtracks,The Lumineers,III,27,121460,False
7pEKXeqrFniS75ozPMtRIu,TOP VIEW,soundtracks,Nordic Soundtracks,With Peter Secher,21,154736,False
3y5jSJYfpY2ZA7G6XPKiOs,Across The Ocean,soundtracks,Thomas Newman,Elemental (Original Motion Picture Soundtrack),34,216767,False
6hIp3AyGqNuyC3x69MKRKU,Soundtracks for War Zones and Games,soundtracks,C.O.M.F.O.R.T.A.B.L.E,Soundtracks For War Zones And Games,2,276000,False
0hiPJhnFoew9Qm8kOrtYoG,Helpless Child,soundtracks,Swans,Soundtracks For The Blind,26,947666,False
06bUU8Xl4yGPlxgvM6n82t,"Trip (Come travel with me, Mom? X Crush) (Original Soundtrack)",soundtracks,Crush,"Trip (Come travel with me, Mom? X Crush) (Original Soundtrack)",0,167133,False
1a4DEomxAKWhWRwyDYelKU,Melodic Scores,soundtracks,Cinematic Soundtracks Quartet,Film Score Serenades,21,72000,False
0ZgXT14joPowkmtYG7Lnc9,a soundtrack to my life,soundtracks,mage tears,bear's lullabies,28,114366,False
0w1utJPHGTWCW5vtShZ8Sf,Le rêve d'Amélie,soundtracks,Feu! Chatterton Soundtracks,La Grande Magie - La bande originale du film,20,70426,False
6T7pgjWIoshAGzs2kmMBx2,LAX,soundtracks,Michael Giacchino,LAX,32,218440,False
3iqdVRg9WRJsNknu1V5Irf,Soundtracks For The Deaf CRESCENDO,soundtracks,Dj Don Agge,"SONGS MADE ON THE FREE TRIAL VERSION OF FL STUDIO, Vol. 2",0,111386,False
3P3zm4F49Tke8dM8JmGQj1,"Soundtracks For The Deaf, Pt. 4",soundtracks,Dj Don Agge,"SONGS MADE ON THE FREE TRIAL VERSION OF FL STUDIO, Vol. 2",0,82057,False
1jLDIriH0BIpXkipF6PqQg,Forrest Gump: Main Title,soundtracks,"Alan Silvestri, Razumovsky Symphony Orchestra, Long Yu",Greatest Movie Classics,28,163000,False
5oVjEQgTmvAbATTKbcvd40,La mort d'Amélie,soundtracks,Feu! Chatterton Soundtracks,La Grande Magie - La bande originale du film,21,109733,False
1HN51naigNhqRAb3JK1S74,"Can You Let Me Know feat. Lupe Fiasco, Verbal & Sarah Green",soundtracks,DJ DECKSTREAM,Deckstream Soundtracks,20,234200,False
7Ee8Ma3osVMvAgS57x238o,Soundtrack 2 My Life - Album Version (Edited),soundtracks,Kid Cudi,Man On The Moon: The End Of Day (Deluxe),22,235613,False
10PhrEBKrdTmBUht7omwGT,CAMON,soundtracks,SOUNDTRACKS,Новая музыка 2024,0,191650,False
0jnFc2Pi8zbkqZDn7qfFjf,Lost,soundtracks,"Dog Sleeping Soundtracks Deluxe, Dog Relaxation, Music for Calming Dogs",Eternal Serenity,5,162826,False
4MIqea3vBJ6XLV1sUaMaEG,Blood Section,soundtracks,Swans,Soundtracks For The Blind,13,159053,False
5xeCVJ9iQzES43LL4Wlh4k,Uncharted Horizons,soundtracks,"Alexander Johannes Uitz, Hollywood Symphonic Soundtracks",Uncharted Horizons,6,83562,False
1bHV7w6TUf0V9ttFQH01wd,Surrogate 2,soundtracks,Swans,Soundtracks For The Blind,14,111826,False
41oqEfmwlZQyMPdkE16sE8,Life Is Good feat. Mos Def,soundtracks,DJ DECKSTREAM,DECKSTREAM SOUNDTRACKS 2,17,254093,False
2gD2eA45Hq1JFl1Ntlh2lM,Live Through Me,soundtracks,Swans,Soundtracks For The Blind,17,151933,False
6TbUpVdkaH9CIIWQrjJ9mo,Piano Improvisation No. 9 (From Vol. 12 Soundtracks),soundtracks,Ary Reisin,Ary Reisin Vol. 15 Piano Improvisations - Selections,0,189417,False
4YpAPXknAgLrJSqJB4yDF0,Piano Improvisation No. 50 (From Vol. 12 Soundtracks),soundtracks,Ary Reisin,Ary Reisin Vol. 15 Piano Improvisations - Selections,0,199957,False
7GhWJ0dyxz9fWpsk4Hnp4f,Piano Improvisation No. 1 (From Vol. 12 Soundtracks),soundtracks,Ary Reisin,Ary Reisin Vol. 15 Piano Improvisations - Selections,0,138773,False
0kTLlztdpg1Rky0frEa5Rp,Once There Was a Hushpuppy,soundtracks,"Dan Romer, Benh Zeitlin",Beasts of the Southern Wild (Music from the Motion Picture),24,392370,False
47iRhvP7KH0PNKM2fALPuj,Piano Improvisation No. 93 (From Vol. 12 Soundtracks),soundtracks,Ary Reisin,Ary Reisin Vol. 15 Piano Improvisations - Selections,0,148586,False
1aEy99LdcTrakWBSH7Arxr,Soundtrack for Our Movie,soundtracks,Mae,Destination: Beautiful,16,193720,False
6rREKUKAJWZAqKzyByopro,"dälek Type Beat (Soundtracks For The Deaf, Pt. 5)",soundtracks,Dj Don Agge,"SONGS MADE ON THE FREE TRIAL VERSION OF FL STUDIO, Vol. 2",0,51146,False
6VGcni6zSkOht2lnHTz1t1,Secret Friends,soundtracks,Swans,Soundtracks For The Blind,11,188226,False
6OQfgMYcAv1UT7bokCRYqN,Surrogate Drone,soundtracks,Swans,Soundtracks For The Blind,10,130146,False
1ZfWFIyniS6GRhcrhOWFL4,Nature as a Gift,soundtracks,"Dog Sleeping Soundtracks Deluxe, Dog Relaxation, Music for Calming Dogs",Eternal Serenity,0,144143,False
5iOOVNo6RaQW21Vh84Vj2z,Silver Lining,soundtracks,"Dog Sleeping Soundtracks Deluxe, Dog Relaxation, Music for Calming Dogs",Eternal Serenity,0,65515,False
4jH4ImNhlqxgKrcyXPULme,Forrest Meets Forrest,soundtracks,Alan Silvestri,Forrest Gump - Original Motion Picture Score,23,100226,False
1nvc4cOczj77bxv231F0uU,Birds Singing in Peace,soundtracks,"Dog Sleeping Soundtracks Deluxe, Dog Relaxation, Music for Calming Dogs",Eternal Serenity,0,147121,False
0zmlGuEQwG2T6psBEJhOv9,Synth-Pop,synth-pop,Ibiza Chill Out Music Zone,"Ibiza Summer Mix 2022: Ibiza Chillout Classics, Chillhouse for Dance in Clubs, Mellow Style Beats",0,203389,False
11HTS5dw8m6QOZLh6AWijh,After Dark - Electro Synth Pop,synth-pop,"SynthMax, Harry Smiles",After Dark (Electro Synth Pop),22,182874,False
02gySWUFk5JT4gMguGAhdO,Ocean Drive,synth-pop,Miami Nights 1984,Turbulence,47,258461,False
3Nt0HbMUiuqIQ84tpc6RxY,Midnight Moving - 2000 and One's 1984 Electro Synth Pop Mix,synth-pop,Bart Skils,Midnight Moving,19,402026,False
580CcfTxe8eNCcXlTizmPr,1987,synth-pop,Lucy In Disguise,1987 EP,34,278909,False
4Wzd5oqsk4qh3xbotnK9Rx,Coast,synth-pop,Hotel Pools,Fall,43,142000,False
03JdP0OGz5oVopRUQj9fxa,My Synth Pop Hit Mix,synth-pop,Marcin Miller,Demo Casio Mt140 Prostki 1987,0,212208,False
6Vy3rIRe1ANhRLm6vL1nGB,Arcade Summer,synth-pop,FM-84,Atlas,39,239000,False
6COsFwxCkIpXBYw4iiVWH4,On the Run,synth-pop,Timecop1983,Night Drive,44,300836,False
4ff3SfxSxS2h81XaKA4asP,Retro Synth Pop BGM,synth-pop,"Synth Pop Music, Synth Pop BGM, Retro Synth Pop",Retro Synth Pop BGM,0,213960,False
6PC3StyXOrOiK6UjvI7vf5,Sky At Night,synth-pop,Lucy In Disguise,004,37,120058,False
1t2zkPReeghR1PABLn9i5W,Background Synth Pop,synth-pop,synthgazer,Miami Synth,0,97032,False
65LToDILJ8Edtg5joUSKaa,MN84 Theme,synth-pop,Miami Nights 1984,Turbulence,35,76800,False
5fKBziOOq5jXF5xVDoS1JK,80's Retro Synth Pop,synth-pop,synthgazer,Miami Synth,0,104386,False
5QYlmR9WamVNeOWBdKcOTu,New Tomorrow,synth-pop,Miami Nights 1984,Turbulence,28,310153,False
2vWX3nK8GTUl5VNSJY360P,Disco Synth Pop,synth-pop,synthgazer,Miami Synth,0,98205,False
3GrvlmYvl4yO05W2XfL3Ww,Echoes In Time,synth-pop,Lucy In Disguise,Echoes In Time,31,313326,False
6uFCIboxHP9VGwTJBmvAIr,Beats To Chill To,synth-pop,"Chill Synth Pop, Beats To Chill To, Retro Electro Music",Beats To Chill To,0,185291,False
5G1jWmWL8q1lqhjXeXvms9,Clutch,synth-pop,Miami Nights 1984,Turbulence,32,261120,False
4HImDTLmK5CQbF3rhci7zx,Saved By Zero,synth-pop,The Fixx,Synth Pop,38,220733,False
5boxsVqT2XsC2b1V2FUCsM,The Getaway,synth-pop,Miami Nights 1984,Turbulence,31,236000,False
3pDZtEixXQSUH6K7PJJHMX,Synth Pop Bop,synth-pop,Electrofab Music,Synth Pop Bop,14,71274,False
24hghyOlo1dTQ9sv2wufpk,Everything,synth-pop,FM-84,Atlas,33,260000,False
2p8sz5yB50pWNhTzFiBxxP,Synth Pop Commercial,synth-pop,MooreMusic4U,Synth Pop Commercial,14,46000,False
16aFWuLBGtejqFXGxjHBfT,Suddenly Last Summer - Remastered 2002,synth-pop,The Motels,Synth Pop,16,222000,False
46CjJuu0mQ6nRhdAeLNjeA,Tears,synth-pop,FM-84,Atlas,30,335000,False
3p7Kc8gOci2WcSHLjuUnfF,I Feel Alive,synth-pop,"Alkalein, Sashi Graham",Synth Pop,23,135961,False
5ugE6naTRxc9tLYxnVjWBj,Popcorn - Original,synth-pop,The Megabyte Orchestra,Synthesizer Gold (Original),34,149892,False
551ru5Q15z1jXzS5ZrycLd,Phase,synth-pop,Hotel Pools,Fall,28,237192,False
3ZDO24mnz9WeOj2KxYbiAF,The Promise,synth-pop,When In Rome,Synth Pop,14,220960,False
3aTgAoP6rSTkisBGq802zW,Synthpop,synth-pop,Synthwave Nation,Back to the 80s,9,68571,False
0bBqRn9Ei6n5aRoJBt3fq0,Night Patrol,synth-pop,Absinth3,OutRun EP,27,195012,False
5jMoESNhvNOTWdIdPVOEDg,Eyes Without A Face,synth-pop,Billy Idol,Synth Pop,20,299240,False
6UwUDiVsgU5XVLYYZRTZMr,Neon Sunrise,synth-pop,FM-84,Neon Sunrise,21,246000,False
5CVSWZqxN8TgCMVzFsj6G7,"Situation - 12"" Mix",synth-pop,Yazoo,Synth Pop Party,13,149986,False
5KKCfAwDcx0VHTrpkxPG5z,Nightdrive,synth-pop,FM-84,Los Angeles,23,208649,False
78qLGSCIZmrkcAtgkWzVKC,Kiss (feat. Tom Jones),synth-pop,"The Art Of Noise, Tom Jones",Synth Pop Party,13,211946,False
4orh3ept5D1Kt1tPV7Ngpq,Early Summer,synth-pop,Miami Nights 1984,Early Summer,24,194998,False
4rL6ujEWqx9XPQ9Op8jkOt,Lights Burn Out,synth-pop,Prinze George,Illiterate Synth Pop,18,275883,False
1i1kUwQRpvyeuSMVnVDwo1,The End,synth-pop,Miami Nights 1984,Turbulence,23,110163,False
3aRG0ktXmISKj6InRRlVEa,Amor en el Cielo,synth-pop,Beni Life,"Ritmo Fantasía: Balearic Spanish Synth-Pop, Boogie And House (1982-1992)",16,315306,False
0uGT3D84NJwKUzGXV9W0ay,Forever The Night,synth-pop,Spreader,Synth Pop,20,228725,False
4hP5zWnPrkXHa2b15ChY8X,New Horizons,synth-pop,Timecop1983,Reflections,27,250616,False
1tffGYBdkD6DDVYaInyTYa,"I Can Dream About You - From ""Streets Of Fire"" Soundtrack",synth-pop,Dan Hartman,Synth Pop,13,248000,False
7KvSuH86lIT2aTl9PBCAfd,6 Underground,trip-hop,Sneaker Pimps,Becoming X,50,228840,False
5rnmFW8J4Gm7IOXH9HOLUU,Trip Hop (feat. Engelwood),trip-hop,"AL-X The Great, Engelwood",Trip Hop (feat. Engelwood),31,110041,False
7G8xNxQAWiBPAVgBqEVI7o,I Came Running,trip-hop,Ancient Astronauts,We Are to Answer,42,239106,False
35CP20VvkZFor2WjSBRK7c,Trip-Hop,trip-hop,VPL,Robotic Luv,1,178042,False
4RWwsJrs43BG5oOHN7ePei,Trip Hoppin',trip-hop,Aerosmith,Just Push Play,23,267249,False
4f3hGEjA7BnujnDYz7gHZ6,Trigger Hippie,trip-hop,Morcheeba,Who Can You Trust? / Beats & B-Sides,37,332759,False
7edvicJOnJfOYnTmoaeFOs,Snake Eater - db trip-Hop,trip-hop,Donna Burke,METAL GEAR SOLID VOCAL TRACKS,21,206880,False
1b2G6vSI7JF3slSMirS4oz,Transmission 2,trip-hop,DJ Shadow,Endtroducing.....,38,89226,False
7uNJjm9dYE8o4xtrc8Sjqp,Dance and Angela (Trip-Hop Version),trip-hop,Jean-Phi Goncalves,Sharp Objects (Music from the HBO Limited Series),20,83750,False
4uGIU4tLY4HV5cWojohtNj,"Friends of the Garden, Pt. 1",trip-hop,noonday underground,Surface Noise (Bonus Track Version),39,68666,False
3uLx6AghYoD25kju227Xau,From the Sky,trip-hop,Ancient Astronauts,We Are to Answer,34,116813,False
7ImQNXa4dZHj8OlINLKEkD,Free Palestine - Trip Hop Mix,trip-hop,Buddha Chillout,Mantra Rain,0,120084,False
4fjfmgX9J1PKuYZEQDPIZD,Portal Spillage,trip-hop,Tipper,Forward Escape,29,180500,False
0eU9YVxkDXVDRVMJuS4JxO,Trip Hop,trip-hop,Mortal Prophets,Meine Liebe,0,233307,False
7hO26kUjdOdv8H7cDc4zdg,London,trip-hop,noonday underground,Self Assembly (Bonus Track Version),34,190573,False
325E0bfde2hosNVo4tSB1H,Dark Trip Hop Blues Guitar Backing Track - C Minor,trip-hop,Quist Backing Jam Tracks,"Into The Blues, Vol. 9 - 10 Blues Jam Tracks",1,566550,False
1iAfxVYyhaQVkOeS1taBTW,To Be Alienated,trip-hop,Beanfield,Beanfield,35,157800,False
2BTdDu2z700kJKMFwgCP0h,Cool Hand Bossa - VIP Room Trip-hop Mix,trip-hop,The Static Dive,Cool Hand Bossa (12-inch single),2,236611,False
386nyrRYmqrl9UVFgtTpdJ,Mariscos,trip-hop,Tipper,Insolito,27,202106,False
56pWdig13ddUxhlkRIZD4S,Без тебя мне не жить - Trip-Hop Mix,trip-hop,Андрей Фирн,Без тебя мне не жить,0,190000,False
3KGskj4WfjTQ59wbigZjCQ,Tunnel,trip-hop,The Dining Rooms,Tre,32,273005,False
5Uq74eAwabMB1fIb3d22c9,No Good Trying - Trip Hop Mix,trip-hop,Acid Barrett,No Good Trying,0,120084,False
06xBE14PIilwTgTVOnxb4x,Aloha,trip-hop,Tripp St.,Different Worlds,21,170666,False
42LY6qYxu3L6nJ7Dt72gNy,I hope that you think of me,trip-hop,"Pity Party (Girls Club), Lucys",Hard Times / Bad Trips,67,128000,False
7iw2fAOOSGxjG7ohucTha2,Intro,trip-hop,Dynamic Syncopation,Dynamism,30,93066,False
61paqDrRJe8h4c5ypysurz,trippin',trip-hop,thủy,i hope u see this,39,144000,False
3LcnUBNo375Fh9K986E4xK,Ninja's Principality,trip-hop,"Up, Bustle & Out",One Colour Just Reflects Another,29,152933,False
6xUfybyQH8kDy0f4tMKZnW,I Hope You're Doing Ok Too,trip-hop,Pity Party (Girls Club),Hard Times / Bad Trips,30,166346,False
0Zqh0B8ipU8PN0X0D3b1GV,Experiments In Ambient Soul,trip-hop,The Dining Rooms,Experiments In Ambient Soul,32,148741,False
7nUj32xhZAI8HCPHK1aSIT,Triptych Pt. 2,trip-hop,Blockhead,Music By Cavelight,22,184680,False
3JGw5tfM1lusod4uXL02Nf,Rock,trip-hop,Dynamic Syncopation,Dynamism,29,108200,False
4DDekJy7ESThsePYCKTxel,Praise God,trip-hop,"Kurtis Hoppie, Triple Thr33",Praise God,21,200636,False
4U1MtQ6zOOyKC6wRAU5Bz4,Hope,trip-hop,"Da' T.R.U.T.H., Thi'sl, FLAME, Trip Lee",Love Hope War,13,294120,False
3G7iY4kwQrMDioWkApuXYp,Till the End,trip-hop,A Forest Mighty Black,Mellowdramatic,30,204373,False
5vjPT4DWhxLRs7jfaW46Rp,Hope For Me Yet,trip-hop,Dierks Bentley,Long Trip Alone,14,175613,False
39v9Wlzd7m61mNXTvr3TnM,A Classic Intro,trip-hop,Kid Loco,Trip Hop Classics By Kid Loco,18,114360,False
15xCg0leGDHVIgimxZnxvL,Killing Me Softly,trip-hop,Nils Landgren,"Chill Out Experience (The Best Lounge, Downtempo, Deep House, Cool Tempo and Trip Hop Music Selection)",48,221546,False
18pedqpot9iF1Z7Ol3YHmc,Seashell,trip-hop,Skylab,#1,27,339626,False
2brlINhz1QoUTlI2buaMf2,Observer,trip-hop,Phillip*,Trip-Hop Mix,10,69398,False
0wHGguMOlZGSJ45cKdfpQk,Taste Strange,trip-hop,DJ Food,Refried Food,28,75040,False
1umsOa4lWQwHqFuPj0TeDH,My Hope,trip-hop,SeoDaHyun (tripleS),Knight Flower OST Part.4,18,213284,False
66FCdC14vn2zRKBfh7Yk37,Strange Taste,trip-hop,DJ Food,Refried Food,27,94466,False
3ltuMrMRRvdBKcmkPTFddF,World Music Bar,world-music,Beau Jingles,Beau Jingles 2,27,38105,False
2SE11vmjbi7j5QKJ885ib6,World A Music,world-music,iNi Kamoze,Ini Kamoze,51,345493,False
2EgWy96ieZjEQbRaTrvGbe,Exile,world-music,Joseph Tawadros,World Music,25,166786,False
2ZqK1xHlQBKLDb3pK5g43X,Bog Down In The Valley-O,world-music,World Music,Irish Drinking Songs,17,168533,False
0UVBCjKSuCYlVNlYBmziPi,Gardens of Seville,world-music,Global Village Players,Sounds of the World: A Musical Journey,31,70275,False
0o3ULQkMrBXiK9o9VQ8K26,Felucca,world-music,Joseph Tawadros,World Music,30,108373,False
4O4AmtYEYhOe1Vlpq46qhP,Ice Cream (Milkshake),world-music,Asian Pop Addicts,Asian Pop,16,201298,False
4hACoZiQ0cc9K8fuEQGXL2,Part of Your World - Music Box,world-music,The Tiny Boppers,My Favourite Lullaby Album,30,120285,False
0xB3bu2aYr3KJAhMC3sRKc,Snow Fall,world-music,Joseph Tawadros,World Music,24,89506,False
2zpLkW4Qb6mWm2cXErEe6T,Wild Rhythms,world-music,Mysterious World Music,African Dance: Traditional Drums Music,34,228200,False
6LJIjwAkkj4gs0zVV50fez,Hub World Music,world-music,My Singing Monsters,My Singing Monsters Playground (Official Game Soundtrack),23,150857,False
62S5rcYmrr9yRg3NJyfPTy,World Music for Kids,world-music,James Inner,World Music for Kids - Deep Sleep with Ethnic Music,4,263000,False
5P6N2MVdfJKy6DpAT6CHLs,Taka Toko,world-music,"Putumayo, El Retiro",Global Café by Putumayo,33,181421,False
7xyTwfEZREkNAajaaAAZRN,Aqua Vitae,world-music,Future World Music,Reign of Vengeance,43,155912,False
4e4ykfWTkcdwKmFr2fBfd5,Al Andalus,world-music,Joseph Tawadros,World Music,21,258786,False
1rV4lmkwXPVJl5styxffBR,Lost Treasures,world-music,Serenity Music Zone,"World of African Drumming (Ancient Egypt Atmosphere, New Age Sound of the Far Orient, Tribal African Drums, Relaxation Music Oasis)",26,282000,False
29WRY73H14cGitGaBqXXOi,Dreaming to Travel,world-music,"Putumayo, The Vela",Global Relaxation by Putumayo,21,208040,False
53o2MJgllsz2TkumCRCtTI,Dulce amor,world-music,"Jorge Anibal Mendoza, Teresa Gonzáles Feldmann, Pablo Carcamo",World Dance: Cuba,32,187842,False
6tXtvM9glF9DFlete3EwVY,Dream Chasers,world-music,Future World Music,Reign of Vengeance,35,195000,False
0pTUllEV9lUOSQ36qkZj7M,Solsort,world-music,"Putumayo, Lunau & Sund",Global Relaxation by Putumayo,20,217890,False
7AcdRQwcva3SdcDlUdPsKd,World Drums,world-music,Nimah Chantis,Shamanic Drums (Meditation & Sacred Dance),19,216461,False
6i3DuA3zdDOx8m2lVL7Djq,It's a Small World (Music Box),world-music,Relax α Wave,Deep Sleep Music - The Best of Disney: Relaxing Premium Music Box Covers,18,188028,False
0xGEceyQmD3gPP4vLNZly9,I Believe in You and Me - Live from The 16th Annual World Music Awards,world-music,Whitney Houston,Whitney Houston Live: Her Greatest Performances,19,225066,False
1aceNeq6jKUD3S49ZsQYUj,Global Groove,world-music,Sahara Sound,Worldbeat Odyssey,13,124200,False
2NZbORV6d78HWPipW1lzoP,A Hero Will Rise,world-music,Future World Music,A Hero Will Rise,33,232000,False
3cEkQ0eJVAGNEHpppeR7a8,Soft Mind,world-music,Salif Makeba,"Traditional African Music - Tribal Music, Drums & Percussion",26,350000,False
7N0Q6vgGPt0qdJxias6BVM,Temzi (Conscience),world-music,"Putumayo, Berbanya",Global Café by Putumayo,22,327130,False
7BvAXzNuHfA58WBFdGA1dA,Eternal Love,world-music,Future World Music,Behold,35,119882,False
6S5DcmoHWXOA48XJDdkyE9,Naquela Rede,world-music,"Putumayo, Lirah",Global Café by Putumayo,26,162446,False
0gXULe1WmcIJJAa5lvedfJ,La mer,world-music,World Musicians & Singers,France - Worldscapes Series,5,149124,False
0e0LG3Y3d3w0WDC0jwrdzw,Anthem of the World,world-music,Future World Music,A Hero Will Rise,32,115002,False
33oO1bd2xwATCFcGWamjYg,Dance Rhythms,world-music,Unspecified,Wolof Music of Senegal and the Gambia,10,136080,False
0xpfSXU2AYZSawN8evbhBC,Victory of Life,world-music,Future World Music,A Hero Will Rise,31,170000,False
4CcmG2iKXrtUcVsciVUflD,Tiers Monde,world-music,Francis Bebey,African Electronic Music 1975 - 1982,20,206053,False
5dK501xrlUUglyVO7JEpqt,Instr 21,world-music,World Music Cooperative,Sounds of Africa,2,132000,False
4dEzopSuO0YrBQ7A9fzcZu,Enjoy African Sun,world-music,Mysterious World Music,African Dance: Traditional Drums Music,26,228200,False
2cQ88ymIEZvhmzLNWvKDNj,Yarabi,world-music,Balla Tounkara,Putumayo Presents World Yoga,22,193120,False
40kkut0hnwuc11Axttv1Yc,Instr 14,world-music,World Music Cooperative,Sounds of Africa,2,67375,False
4oT68HgfN1r3BbLIxjlRLO,NO LE VOY A BAJAR,world-music,"Mc Car, WORLD MUSIC",NO LE VOY A BAJAR,18,214389,False
5X7XCxqnCPmRFJmMdpae2H,Cherokee Pow Wow Drums,world-music,Drums Of The World,"World Drums: African, Samba, Taiko, Chinese And Middle Eastern Music",21,98146,False
3O01jhl4GMBiBF7xc5xJ4h,World Music,world-music,Flute Relaxation,Native American Flutes Relaxation Vol. 1 – Chill Out Spirit for Spa & Wellness,2,346565,False
2KyGjQjeY1h8uZx5h40BKr,Passion of Victory,world-music,Future World Music,A Hero Will Rise,27,140000,False
6wyWHg3QwEbEloYVKjaHcp,West African Drum Music,world-music,Drums Of The World,"World Drums: African, Samba, Taiko, Chinese And Middle Eastern Music",16,103200,False
5LreLMlJjmfhlbJYQQLses,Kilimanjaro,world-music,World Music Atelier,Africa Essential of African Music,3,215771,False
4uveHSzaz8YEbTF9j6QlCI,Voyage to Atlantis,world-music,Future World Music,Reign of Vengeance,25,180001,False
4u15cjyziW2Ewn5Ek3082l,L'Oiseau,world-music,"Putumayo, Marianne Perrudin, Thomas Artaud",Global Relaxation by Putumayo,25,276776,False
56pHPaTeX2O9aVmTFYS8hV,The Daintree,world-music,Joseph Tawadros,World Music,12,69533,False
6Ldyc5TsR4kaUsuHKcB2AD,The Sorcerers Symphony,world-music,Future World Music,Behold,26,90001,False
3ry0f8ybk8upUBIk8unvmF,Fiore d'inverno,world-music,"Putumayo, Giacomo Lariccia",World Party 5 by Putumayo,25,141800,False
